81,63,164,66,95,33,123,154,20,35,183,197,134,73,36,19,30,109,195,151,162,103,59,70,119,145,115,12,78,106,29,5,61,135,26,139,85,9,181,108,144,58,180,98,117,161,83,87,62,147,68,43,41,196,142,75,182,88,92,32,47,84,122,173,184,86,127,125,79,93,150,163,16,31,159,69,76,100,148,192,25,82,198,72,94,141,6,53,157,48,4,74,57,131,23,186,50,27,46,80,259096
81,63,164,66,95,33,123,154,20,35,183,197,134,73,36,19,30,109,195,151,162,103,59,70,119,145,115,12,78,106,29,5,61,135,26,139,85,9,181,108,144,58,180,98,117,161,83,87,62,147,68,43,41,196,142,75,182,88,92,32,47,84,122,173,184,86,127,125,79,93,150,163,16,31,159,69,76,100,148,192,25,82,198,72,94,141,6,53,157,48,4,74,57,131,23,186,50,27,46,80,259096
140,122,63,61,186,164,66,87,148,125,33,32,193,123,118,154,54,12,157,179,138,183,197,58,134,9,88,73,141,28,26,191,68,62,188,109,110,195,74,165,162,11,103,71,170,93,70,56,77,119,60,145,171,115,42,131,8,79,106,39,43,29,166,50,40,199,16,135,3,53,139,129,35,94,51,76,181,19,174,169,144,172,156,189,180,158,98,89,97,117,161,114,67,34,137,116,55,120,147,80,259905
34,12,81,63,28,36,59,164,108,184,166,65,24,95,84,117,14,173,62,90,123,142,86,154,22,133,107,4,2,179,174,189,51,197,169,97,172,46,10,16,73,3,26,11,156,192,79,121,198,163,111,112,109,18,41,195,52,38,5,151,80,162,159,130,103,72,47,61,124,70,140,17,77,137,119,68,125,160,82,114,115,42,57,92,88,116,120,148,106,27,49,71,35,37,30,105,20,8,7,19,254336
140,86,122,81,63,50,100,156,155,186,164,69,158,129,87,196,44,148,161,52,33,31,70,8,193,51,90,123,118,28,26,154,42,54,22,126,157,56,72,179,15,183,91,197,47,19,27,108,147,57,160,137,41,88,73,23,141,9,3,37,117,11,30,191,62,68,16,114,188,20,109,194,14,190,195,84,142,82,165,168,80,173,48,39,89,103,74,18,170,32,53,105,67,102,12,77,146,25,46,178,267392
13,39,99,103,119,63,91,181,107,9,2,192,35,164,92,198,0,115,98,104,64,14,160,45,79,170,3,4,163,58,180,47,57,135,123,139,118,71,154,34,194,12,77,190,171,70,111,24,150,179,159,138,183,30,197,144,114,168,74,20,36,134,87,199,122,78,93,73,196,49,140,18,124,166,25,127,31,44,51,178,65,56,19,146,100,72,125,109,105,21,60,16,195,86,61,143,148,182,42,151,280347
140,45,22,122,37,81,20,73,137,194,0,61,124,127,190,164,108,11,47,184,40,166,99,65,103,39,148,125,84,119,33,117,1,26,16,173,62,193,49,90,74,123,93,142,115,181,154,85,12,14,101,133,107,116,157,24,13,38,179,178,100,189,19,183,5,15,197,135,169,106,146,53,180,134,82,177,51,42,57,132,88,89,2,17,141,143,34,35,23,156,155,192,63,30,136,191,144,198,158,163,261355
1,34,79,13,84,98,53,163,189,71,68,49,16,174,191,23,97,67,164,8,73,70,74,169,46,36,188,91,141,126,31,95,114,6,145,102,100,150,159,178,120,33,116,99,78,112,103,147,123,88,118,156,42,155,165,41,108,57,177,130,20,35,158,21,43,122,60,12,179,170,62,140,83,183,66,143,124,197,10,149,89,105,76,181,184,134,136,29,96,152,45,65,2,101,93,125,37,171,173,61,268751
162,139,117,74,122,35,170,151,10,63,142,31,54,100,156,0,155,132,88,186,164,106,69,133,15,158,16,129,120,87,196,144,116,101,107,148,125,171,52,41,57,177,18,1,70,146,38,27,98,193,43,51,90,53,32,123,37,192,25,55,145,199,154,99,198,9,143,103,149,11,126,82,157,49,22,62,65,105,179,136,152,64,182,183,166,121,36,197,93,80,131,7,113,185,104,108,147,134,2,21,250920
6,32,41,157,4,12,5,97,115,114,63,60,23,44,104,35,36,180,80,59,162,116,78,164,177,108,159,151,66,184,102,40,166,27,43,65,139,50,111,13,95,34,112,75,96,7,191,73,109,42,106,28,173,71,62,110,143,38,149,90,188,77,123,129,118,142,122,86,52,154,76,152,160,105,33,101,88,133,10,107,124,185,161,196,99,14,145,24,179,113,100,98,189,165,183,25,51,81,197,67,267364
140,45,39,71,99,122,103,177,119,56,116,182,5,91,131,181,107,20,61,84,146,127,85,192,186,14,164,26,11,92,198,66,37,15,10,115,98,42,80,189,64,162,74,83,174,125,147,151,149,79,170,97,6,44,67,27,163,169,7,21,180,193,172,23,108,136,135,100,82,123,185,139,118,110,59,72,121,154,9,18,194,17,175,16,25,48,0,190,13,171,49,157,111,65,184,88,156,150,179,129,268220
116,78,106,24,59,129,173,195,36,81,161,121,169,63,159,93,150,172,11,14,31,157,0,42,86,99,102,39,164,171,3,77,142,119,111,7,143,43,149,112,50,32,58,100,33,40,2,37,69,133,194,61,17,181,26,35,130,64,190,185,199,162,115,25,126,29,105,182,12,94,72,140,90,175,62,158,123,51,191,118,84,23,55,109,141,154,74,8,127,34,65,76,110,168,188,166,97,96,15,71,252806
40,140,45,86,18,74,122,48,37,85,81,134,20,7,73,8,50,188,29,194,1,156,61,98,155,132,195,143,190,186,78,164,55,108,91,163,47,35,158,184,4,129,97,166,152,196,54,185,46,103,43,136,83,148,95,161,77,84,119,53,56,36,117,105,175,82,70,121,76,165,173,65,88,89,193,102,38,60,80,90,26,113,162,123,68,93,150,151,159,104,49,181,33,154,170,25,59,17,153,19,271508
49,25,159,34,87,180,165,23,109,104,81,9,26,13,83,63,79,143,149,92,28,133,19,67,134,45,64,73,24,44,111,170,135,84,164,185,112,139,75,157,22,101,107,145,4,195,85,94,168,48,60,65,96,2,61,175,47,62,95,105,93,132,74,31,82,35,99,56,192,189,69,140,89,108,16,174,114,129,5,198,40,171,14,119,38,90,97,144,124,37,123,169,127,153,32,116,1,100,196,98,258125
10,140,45,108,138,79,23,149,54,84,98,81,53,163,13,52,189,75,9,71,14,68,171,173,185,61,168,174,124,191,127,25,26,117,186,67,164,80,32,17,2,73,70,64,74,175,169,180,58,37,43,87,188,172,142,91,141,27,199,126,83,15,148,195,125,135,3,76,29,145,102,89,139,100,66,150,159,42,178,96,120,59,72,85,111,116,193,107,47,153,106,112,103,38,160,21,132,123,88,1,278455
38,169,68,17,168,125,53,196,96,103,40,87,185,106,138,25,10,152,22,129,52,16,181,83,107,94,111,62,5,161,58,41,14,112,192,72,175,78,27,164,3,71,108,109,92,198,50,67,134,184,100,0,105,130,166,110,2,157,178,104,64,82,55,21,57,70,156,160,120,155,61,140,11,113,116,170,20,117,44,45,34,42,195,28,153,163,13,173,32,48,180,4,54,124,74,145,127,167,73,177,265005
162,185,166,23,117,10,11,74,152,92,25,35,170,126,94,151,15,70,63,49,142,50,136,31,97,138,100,175,156,61,26,103,155,47,132,127,41,119,178,186,16,164,106,18,147,38,34,133,105,131,66,158,75,68,13,129,37,120,33,87,196,191,144,79,159,150,102,54,137,107,148,113,95,125,171,32,91,80,51,153,111,108,177,7,141,1,188,82,112,73,194,146,167,67,90,2,5,98,193,40,272490
148,192,23,118,104,57,107,193,14,188,29,160,198,32,171,136,80,175,178,36,77,162,111,55,84,7,45,141,5,114,112,135,75,13,31,151,22,182,46,4,91,173,49,15,164,120,53,189,117,20,19,79,130,126,66,72,199,93,174,194,62,96,119,163,74,177,58,89,113,132,122,39,190,134,8,153,157,63,146,30,169,2,37,25,165,12,41,48,167,172,85,129,110,147,40,61,44,124,181,128,270981
84,140,161,45,183,91,157,47,175,4,174,75,1,37,97,49,67,115,114,5,133,165,33,60,50,137,145,56,194,104,35,20,0,93,120,180,124,51,2,127,121,162,116,190,186,138,74,164,177,101,108,19,159,27,150,151,170,85,184,53,24,102,16,55,88,166,87,30,99,9,153,52,139,63,103,48,111,62,83,148,192,95,125,167,98,134,12,119,96,41,72,8,71,191,198,69,109,128,23,11,262273
92,136,59,61,137,34,179,132,123,148,197,12,191,166,190,183,70,118,111,193,117,39,120,196,125,4,87,112,98,79,62,177,116,129,90,5,9,27,144,52,83,11,163,188,19,15,31,161,2,164,130,56,145,146,104,138,141,51,55,97,66,48,162,113,89,44,171,131,68,77,1,10,140,156,78,151,94,180,167,14,71,16,24,168,57,65,95,45,99,64,108,84,101,41,157,107,128,134,67,135,259705
154,140,88,184,54,97,171,6,22,99,15,122,65,103,177,123,179,119,79,13,108,197,23,182,157,183,91,50,131,47,181,121,107,100,105,44,156,26,84,34,159,90,132,150,96,48,192,72,126,186,43,36,164,106,199,69,30,102,173,51,165,198,24,89,158,94,138,20,25,129,115,2,111,87,167,11,196,62,189,104,66,64,162,28,35,52,39,19,174,160,95,125,161,143,128,151,85,149,4,74,265632
62,36,21,155,16,34,43,79,154,142,116,24,12,15,111,80,98,81,148,53,163,23,123,35,189,179,75,158,71,99,28,135,197,125,103,183,20,170,139,168,174,56,119,25,191,133,59,90,130,83,97,4,82,78,164,110,153,113,19,108,88,160,76,70,32,47,74,41,184,169,96,86,140,122,66,101,166,107,188,182,55,85,106,143,141,51,149,64,126,73,44,52,128,13,93,95,18,115,65,137,257073
188,73,140,95,42,106,13,40,115,22,18,129,192,144,107,195,36,168,81,23,161,54,121,180,169,58,69,198,159,123,93,10,150,35,172,179,16,29,57,118,61,1,157,197,124,37,183,91,127,86,99,82,153,6,186,8,109,164,32,171,89,76,43,77,167,67,119,72,111,63,27,64,30,143,62,34,149,137,66,112,31,87,11,92,131,15,138,100,21,52,4,128,163,50,97,47,96,148,178,165,266968
71,12,146,151,51,53,160,58,182,145,111,134,91,184,73,6,132,20,133,81,38,112,48,154,65,16,96,148,108,74,59,78,56,94,195,2,165,17,196,70,97,7,126,19,193,179,131,153,5,104,34,11,199,30,197,137,183,101,107,89,167,90,27,143,68,180,161,43,85,194,99,13,140,32,122,55,191,103,178,121,156,170,26,60,50,155,41,190,72,128,76,147,192,66,62,1,138,120,152,25,264611
87,162,140,139,49,57,117,86,131,66,52,74,95,122,92,48,159,37,170,85,105,67,150,151,10,47,1,7,73,84,26,154,50,41,137,188,8,23,194,100,75,6,153,156,61,68,98,102,155,113,43,132,195,118,143,189,149,190,178,186,157,115,164,106,182,197,69,183,91,55,163,174,11,65,104,80,112,158,184,24,9,64,58,129,21,97,120,166,56,152,15,196,109,45,185,3,116,81,25,103,263255
2,0,189,62,13,156,111,194,50,28,78,155,137,4,80,59,105,95,112,54,81,162,56,174,19,88,38,68,190,173,135,97,65,91,67,166,148,181,178,154,158,147,30,151,143,130,149,46,87,45,167,171,23,43,24,48,193,53,192,76,57,145,6,22,179,164,83,18,74,20,172,195,140,92,120,165,198,183,1,96,152,75,60,185,10,128,142,42,115,85,159,26,150,106,8,136,51,102,49,104,264038
196,41,140,25,159,55,85,34,96,68,8,180,165,169,122,106,10,109,178,104,52,95,16,184,172,129,13,191,83,144,63,39,99,153,143,50,149,126,114,161,60,5,162,133,113,82,167,61,134,163,199,86,124,64,49,89,21,127,0,76,111,47,170,120,186,51,71,84,164,188,69,185,37,112,179,181,23,45,53,157,90,4,17,101,160,107,62,197,183,177,195,73,78,173,75,117,87,168,80,79,270111
22,37,111,93,18,92,41,34,0,157,24,50,57,56,17,112,71,9,66,3,13,79,117,101,192,131,149,141,77,153,51,74,53,33,109,96,62,2,5,65,44,167,198,85,130,148,27,20,4,182,40,120,99,196,154,110,160,28,76,185,134,129,162,38,123,15,61,23,193,144,164,119,177,140,168,118,122,126,159,19,136,150,151,32,179,84,189,90,184,12,75,80,102,155,82,1,60,187,197,88,261672
150,55,140,90,139,45,108,69,86,138,79,41,29,74,28,149,133,54,91,84,13,98,66,81,153,53,32,163,160,60,95,17,26,189,7,75,167,83,113,120,147,6,82,171,5,19,166,173,185,0,156,165,168,152,174,177,155,124,8,191,132,127,154,92,59,12,117,107,2,186,112,123,134,164,106,11,25,72,1,21,128,51,118,162,35,70,146,20,62,158,27,175,169,37,187,180,119,157,88,94,265244
119,160,105,129,40,149,174,181,47,198,23,30,161,156,75,67,41,51,145,155,142,73,61,100,81,72,188,157,120,135,168,126,167,184,63,95,185,57,177,139,82,17,130,170,152,108,78,169,199,18,13,89,121,158,148,141,76,32,9,10,172,3,94,87,137,4,159,37,39,133,154,20,66,146,38,164,77,122,194,128,11,193,175,83,60,134,8,102,96,147,118,187,35,99,104,132,79,80,163,19,276742
173,26,169,11,32,68,163,17,168,98,71,125,53,104,99,196,158,96,60,103,57,177,87,77,93,185,106,167,66,138,44,5,116,113,182,152,1,117,27,129,52,50,137,131,145,181,83,194,107,89,43,94,111,6,62,61,76,97,161,136,146,124,55,135,30,127,15,112,79,192,75,72,190,63,186,78,64,154,164,45,54,8,34,14,108,123,3,187,92,47,165,198,69,81,74,91,171,134,184,33,269364
124,31,38,97,177,131,9,11,83,112,191,48,70,185,108,7,194,110,85,33,43,137,167,90,20,81,152,165,59,37,113,71,39,132,99,3,171,26,104,147,94,180,133,190,96,157,36,77,146,75,119,56,136,80,159,106,68,166,18,45,150,188,148,189,173,15,47,62,196,28,145,66,1,140,69,129,100,163,122,125,12,164,117,181,187,174,13,42,170,73,182,101,123,193,22,156,95,178,55,84,259776
11,162,193,140,9,195,23,60,117,86,189,116,109,190,40,74,39,167,69,92,28,125,35,12,170,64,126,141,113,102,151,101,21,27,66,146,192,174,68,49,31,142,24,184,136,57,199,89,111,52,138,67,53,100,175,99,18,156,198,65,91,19,103,104,112,155,4,2,132,47,127,77,56,128,32,119,43,178,160,186,187,169,46,180,14,106,36,6,147,29,75,13,7,154,90,133,172,105,1,131,266050
116,153,60,71,124,85,112,106,152,62,24,8,80,167,133,6,21,129,173,182,156,18,162,195,36,113,22,81,155,135,109,161,35,46,121,82,169,136,34,130,139,56,191,11,175,93,5,37,55,150,151,172,39,117,110,163,9,178,38,70,138,33,0,65,157,19,165,126,10,32,115,148,128,140,101,107,40,187,102,122,49,1,79,77,103,47,164,2,171,53,41,3,97,108,105,188,142,69,63,58,260014
61,148,192,165,26,172,132,118,167,34,146,134,107,88,193,181,19,13,188,14,27,93,131,160,198,102,96,32,171,158,196,1,80,82,31,175,51,178,147,7,63,77,195,5,111,24,55,109,84,58,8,33,45,129,37,141,25,95,60,114,64,144,17,135,75,44,12,133,166,170,151,39,48,110,187,182,161,66,16,28,9,91,173,47,186,22,76,168,6,164,121,120,89,29,189,62,99,117,78,23,265123
6,42,25,167,22,170,33,115,124,92,72,52,127,38,118,36,166,178,27,37,113,126,50,136,117,121,175,145,73,180,159,86,82,104,163,74,35,130,150,34,28,189,62,89,69,199,91,71,114,90,0,45,184,57,8,16,107,101,56,30,195,15,108,162,9,168,106,12,174,66,187,88,4,140,191,13,68,26,85,64,148,192,157,196,7,87,58,147,194,129,151,164,39,43,149,78,135,125,111,32,273460
13,84,30,140,161,182,45,16,183,65,148,33,157,17,58,38,175,113,10,59,174,118,51,75,29,53,37,193,19,97,82,49,67,39,115,173,114,99,12,125,133,89,165,168,103,26,8,66,25,50,42,137,188,145,119,56,90,194,112,100,9,126,22,55,54,156,128,187,120,71,169,180,83,155,5,46,27,132,131,195,171,143,2,162,149,116,190,172,23,186,181,138,15,3,164,106,40,177,20,101,248543
112,47,179,20,87,49,36,175,96,136,197,80,124,163,113,69,121,127,159,183,171,168,56,1,114,169,194,156,135,137,142,129,5,25,92,44,155,147,107,101,139,172,93,63,12,67,64,192,134,22,170,76,21,40,29,58,73,190,39,7,59,182,90,28,187,128,103,91,51,102,79,143,45,198,149,16,86,61,166,158,177,24,122,104,15,41,33,17,34,148,84,0,83,133,111,57,164,195,11,173,284022
92,50,136,140,59,4,45,61,137,51,34,53,179,27,24,132,85,123,93,148,97,197,19,23,17,191,166,82,190,183,157,81,91,70,25,118,111,30,58,193,117,71,158,199,63,120,196,106,125,21,76,18,87,66,86,112,54,98,94,79,187,143,184,177,149,44,14,129,37,90,7,108,189,160,36,55,144,124,73,42,83,165,101,127,163,142,147,188,68,84,78,22,159,41,186,161,40,150,174,164,258481
114,108,28,186,53,103,159,121,18,119,188,40,87,192,8,84,124,180,189,78,107,127,181,47,123,109,82,54,104,11,60,52,197,86,130,36,88,89,75,198,183,38,2,118,57,177,63,94,79,72,174,80,143,173,149,141,126,187,92,39,45,128,20,71,97,133,29,49,9,16,19,31,134,171,140,90,15,106,4,68,95,22,59,122,117,25,42,56,93,74,111,55,30,146,170,131,135,5,148,196,267966
154,4,174,140,28,88,139,184,54,129,145,117,144,171,8,2,17,75,160,74,42,7,122,161,92,115,103,57,177,5,77,170,179,81,119,52,147,79,151,34,108,69,143,197,149,98,182,63,157,76,183,193,142,104,187,26,0,191,16,180,181,12,163,121,107,101,100,1,62,105,27,80,156,110,18,37,15,172,59,22,159,155,90,30,134,132,61,150,96,166,60,32,65,192,89,185,126,178,20,186,258140
74,107,33,138,113,101,198,173,196,11,126,177,68,2,169,62,29,96,5,131,124,4,162,82,37,94,127,8,135,106,50,27,172,130,156,89,145,166,133,99,199,179,51,100,188,129,44,103,76,64,187,83,144,84,197,117,1,165,151,119,102,183,20,88,18,105,41,36,161,67,55,39,184,75,140,7,63,178,104,108,59,137,0,185,122,147,111,60,152,95,71,158,114,24,23,90,91,194,181,93,260743
62,113,97,46,140,27,102,155,4,108,15,69,26,138,94,93,154,19,23,142,49,116,143,149,5,54,141,78,111,84,80,38,98,89,81,51,42,148,67,1,31,163,29,162,96,123,107,187,101,189,126,179,75,41,121,158,128,178,106,192,137,196,145,193,118,197,194,157,159,103,173,183,185,63,91,170,150,85,168,152,114,174,24,60,119,124,70,53,198,191,18,133,144,79,95,83,30,130,88,44,245256
46,88,95,39,180,171,84,71,191,2,133,116,170,195,92,10,23,184,158,47,82,35,42,154,30,124,117,85,51,55,127,182,89,174,86,147,194,178,137,74,27,9,1,187,68,16,97,76,108,12,80,32,123,14,128,102,168,11,105,132,185,179,36,162,48,24,69,63,114,31,152,118,190,56,142,131,197,22,188,13,99,57,183,58,54,122,38,106,145,75,103,126,72,169,79,160,165,37,151,67,265194
116,188,102,149,140,194,139,95,103,50,106,75,86,119,26,40,115,178,90,163,98,74,83,129,173,192,68,144,107,181,146,195,36,165,168,64,110,131,7,199,187,161,190,31,46,121,148,180,169,185,58,0,69,128,141,198,159,114,42,123,8,152,67,27,133,150,4,84,172,63,80,179,57,100,87,193,125,43,66,156,12,38,184,51,162,157,13,197,108,155,97,60,183,72,132,45,136,120,17,15,269625
38,18,74,169,35,20,32,67,68,80,41,134,168,190,37,157,73,146,186,15,4,109,172,196,90,55,96,135,88,130,16,45,58,14,127,11,93,187,119,154,191,56,156,115,138,126,1,3,19,100,195,128,155,63,110,30,170,2,171,129,40,26,79,98,13,33,123,181,22,83,29,61,0,107,140,52,8,94,111,53,189,179,6,23,65,120,161,78,173,180,21,163,59,50,10,28,7,81,197,153,276221
71,59,38,62,156,146,151,98,45,107,21,53,160,101,35,155,182,14,19,145,111,198,69,134,91,122,189,184,89,80,7,90,132,114,187,4,188,46,81,109,5,99,117,152,159,76,75,154,65,128,34,103,96,60,148,150,86,108,41,74,31,135,17,119,174,40,94,43,195,115,56,10,165,123,120,6,196,139,44,29,73,136,8,141,22,126,88,12,193,47,179,9,131,124,130,153,116,87,104,175,268180
36,129,100,144,53,38,5,142,2,165,13,42,34,78,185,161,174,52,104,17,95,114,71,186,59,40,151,125,130,6,187,158,33,157,152,134,49,199,1,127,79,87,173,73,105,145,102,60,128,80,98,62,65,72,154,94,109,29,45,166,26,4,120,92,138,32,16,132,39,163,192,15,191,23,136,140,0,76,83,96,123,50,169,147,28,116,117,195,119,133,175,110,184,121,88,135,115,112,106,12,258995
7,87,162,185,140,75,31,166,133,49,114,6,44,117,86,3,131,26,66,55,106,54,68,74,88,152,122,187,18,92,48,46,159,35,180,37,62,170,64,126,105,42,78,144,150,91,151,134,0,4,171,120,43,70,52,56,73,23,172,2,161,10,154,148,58,63,8,136,137,80,188,145,97,65,109,138,194,27,60,100,14,175,99,9,20,153,156,123,15,41,71,38,79,130,125,102,45,155,101,113,246071
11,182,83,99,74,132,2,35,80,193,38,103,172,34,77,18,152,110,119,31,27,66,48,187,89,15,135,46,186,95,41,45,49,147,115,96,184,192,196,120,81,51,139,127,128,194,1,137,165,156,106,90,157,177,141,64,100,117,189,33,155,75,133,50,116,108,151,13,104,5,198,175,72,129,68,140,3,180,62,86,126,153,88,144,21,138,190,69,122,25,160,168,6,10,123,174,178,145,143,19,266535
67,31,15,118,189,49,62,152,87,93,82,156,111,39,194,55,71,50,121,28,187,78,94,191,46,137,85,122,120,142,59,60,100,150,95,199,177,7,77,38,132,81,128,162,4,56,72,174,30,83,9,88,2,136,92,68,0,190,86,173,135,96,175,97,65,23,91,1,48,168,166,35,148,45,3,181,178,139,154,106,26,170,147,11,8,19,151,13,143,17,51,196,149,113,22,138,74,29,40,89,279806
61,44,148,192,43,15,23,48,0,100,118,94,67,104,31,129,120,187,177,144,88,193,20,73,14,130,163,190,117,105,91,53,45,186,133,160,198,102,95,7,41,128,171,116,158,125,136,168,127,78,42,49,70,175,110,34,178,17,50,26,63,30,77,85,162,29,111,119,39,54,157,169,153,4,121,140,132,37,11,143,32,10,149,141,142,154,52,165,146,122,18,113,72,36,172,71,167,82,64,58,268023
196,177,11,41,70,140,65,160,159,121,0,55,6,187,34,86,87,118,38,68,89,51,180,33,165,168,169,58,145,40,42,106,147,112,109,22,178,15,136,128,32,76,64,95,175,19,184,47,35,172,2,129,9,97,48,191,10,83,43,144,71,63,107,16,101,72,1,153,98,143,90,50,149,117,126,54,146,114,161,12,20,148,192,49,162,5,102,133,189,130,69,167,119,154,156,81,134,23,163,79,254953
97,24,195,198,108,163,82,181,41,65,187,148,98,27,132,60,178,53,32,89,83,116,105,130,118,84,135,0,78,13,93,136,102,199,193,189,54,128,186,20,76,48,57,182,96,124,52,88,95,28,85,142,127,196,145,75,156,16,55,143,106,23,188,146,9,180,114,59,155,64,33,35,2,14,43,140,29,173,174,42,86,166,159,12,94,113,11,167,157,131,122,110,150,8,17,171,92,103,137,144,261508
121,22,84,42,111,140,93,187,51,62,92,116,150,183,34,103,91,89,157,156,25,195,119,87,136,175,56,80,126,166,174,155,118,48,20,171,44,66,26,100,31,11,79,108,117,181,27,101,192,143,146,131,149,17,141,32,98,78,153,86,135,23,60,165,46,41,83,29,52,109,96,12,64,94,73,21,163,137,139,0,145,69,167,113,90,198,194,191,130,54,148,88,53,158,63,18,68,81,36,182,260782
165,63,17,187,60,55,16,191,104,57,197,3,123,131,75,105,175,136,142,6,148,59,130,20,183,19,99,28,102,129,173,147,45,151,144,13,103,86,146,195,143,149,114,186,24,81,193,119,38,124,56,23,161,153,71,194,184,158,111,15,169,67,94,125,5,44,25,18,92,126,159,87,91,70,88,140,93,167,115,30,113,74,150,181,132,172,85,109,117,107,90,120,122,40,135,43,188,7,10,199,282058
187,150,63,162,71,140,175,52,179,33,180,0,108,24,192,169,196,36,138,188,158,197,10,41,194,146,107,112,182,5,143,199,133,104,183,97,157,91,76,172,61,16,106,170,66,64,118,51,153,44,57,94,198,151,163,35,37,160,195,60,49,95,47,22,19,189,59,80,58,68,75,190,119,167,144,83,28,113,31,120,147,6,141,8,39,20,130,171,62,69,18,14,166,100,173,34,185,161,88,148,260430
92,184,55,136,72,30,80,4,105,79,14,145,146,189,33,115,84,49,179,114,143,149,132,162,85,141,123,171,138,160,128,38,197,57,3,16,31,83,191,165,166,19,190,139,183,0,28,186,29,75,70,77,180,124,110,111,51,58,193,42,174,127,64,156,21,78,99,20,167,196,107,150,101,151,32,113,195,12,87,103,59,86,168,76,185,133,98,44,52,22,89,50,82,122,192,68,119,152,66,95,264715
146,119,160,93,105,140,16,129,40,15,144,149,190,62,181,34,13,57,198,90,14,23,35,25,112,161,156,29,179,128,147,131,122,163,51,134,76,145,138,155,142,21,115,197,162,46,100,68,173,36,72,54,47,188,38,183,120,52,132,135,168,118,4,167,17,74,184,37,1,26,95,60,113,185,3,77,11,177,79,139,19,82,71,104,65,130,27,170,152,31,33,108,50,151,169,195,199,80,67,12,264584
57,149,155,104,50,63,17,99,96,7,12,89,85,182,29,61,13,25,130,102,23,108,100,106,170,70,119,128,2,199,0,117,39,65,153,10,76,41,179,88,123,69,67,129,14,120,159,134,138,169,144,111,186,66,197,101,54,124,167,47,192,185,43,145,162,183,16,79,118,115,193,40,11,93,98,172,178,52,165,171,82,20,125,80,55,87,6,15,35,3,31,110,33,135,122,142,189,71,28,30,269399
154,173,40,127,169,140,142,94,88,139,45,184,163,2,12,165,168,86,126,23,171,112,6,125,53,128,69,104,99,33,172,196,90,158,4,96,49,65,46,103,26,57,32,189,17,87,123,179,85,93,185,166,106,30,167,20,178,38,21,138,108,28,43,37,116,197,80,113,102,182,152,51,78,157,11,118,183,62,3,129,16,70,66,130,5,162,131,19,188,145,181,174,42,81,31,194,115,107,114,100,253023
64,151,117,157,13,87,115,50,154,49,188,69,11,9,102,35,34,130,61,40,3,56,120,128,93,153,192,15,17,147,133,132,60,18,159,59,178,36,185,90,180,71,10,174,139,79,148,111,131,167,150,37,104,123,116,28,31,186,126,66,52,152,68,20,194,173,88,198,170,138,127,156,134,2,73,72,197,82,5,160,41,55,193,163,196,85,183,114,46,63,33,125,30,57,25,199,4,96,97,108,266150
93,124,31,29,106,170,140,97,127,177,131,67,24,6,47,92,178,83,112,16,153,191,128,75,70,144,60,185,199,108,11,9,49,194,122,110,85,52,33,27,1,43,137,116,167,65,117,155,55,46,23,81,160,41,165,4,12,59,13,135,123,113,34,102,17,56,132,179,84,99,42,66,171,44,69,114,82,104,147,139,101,78,180,169,134,40,190,197,96,118,14,157,3,8,35,25,146,183,38,126,263967
103,78,194,133,88,89,119,109,38,39,155,56,171,71,10,185,153,96,1,173,145,184,181,79,160,68,3,19,142,100,14,22,116,198,106,35,8,73,169,150,167,151,52,152,84,188,55,0,98,74,33,47,97,20,182,148,190,129,113,18,115,27,186,114,45,124,172,123,4,108,93,16,85,112,189,53,140,179,62,67,31,69,65,158,26,51,77,40,44,161,81,117,135,105,30,193,134,136,197,49,263301
70,95,164,162,193,124,140,68,35,21,195,153,127,23,25,112,9,117,128,36,172,189,116,85,5,109,22,190,147,91,119,154,76,39,152,167,50,69,8,92,42,59,125,96,55,20,196,15,2,170,73,114,51,191,141,61,133,14,75,102,181,151,88,106,77,80,131,56,48,16,12,146,192,82,174,53,57,121,74,28,130,65,47,173,1,11,184,179,10,136,27,40,98,199,90,168,159,111,18,38,276919
198,144,56,101,80,164,95,153,72,0,159,121,74,38,130,2,128,161,35,20,87,93,69,70,162,199,174,131,180,195,167,88,76,32,62,27,98,1,108,154,163,7,97,109,53,139,9,104,94,16,44,52,34,113,81,119,49,71,146,78,85,19,117,50,171,90,40,186,45,124,112,82,145,168,63,30,140,147,156,188,37,151,136,100,86,105,143,33,17,64,149,110,106,155,67,26,47,181,175,196,252526
116,89,188,73,171,13,140,164,78,124,95,45,112,18,63,128,193,127,2,62,64,24,40,21,115,56,167,1,114,133,184,76,29,51,83,129,173,94,192,182,156,144,107,39,162,146,101,195,4,33,142,168,17,36,102,72,155,57,135,100,109,7,161,92,103,10,54,87,121,74,180,26,169,166,66,136,143,108,130,98,149,6,198,27,159,191,46,97,123,175,20,93,42,111,170,85,96,65,150,19,268466
102,35,121,156,67,191,152,108,196,2,164,18,130,128,20,95,114,150,38,163,44,167,25,98,1,141,96,169,72,168,170,32,6,146,22,111,0,78,55,40,57,86,7,39,106,47,30,126,113,56,74,189,26,33,10,154,172,58,157,79,60,16,15,69,65,162,195,143,136,165,149,129,186,148,194,19,53,140,109,90,175,144,133,131,45,103,12,107,101,42,77,199,135,62,51,184,94,104,122,61,252503
61,133,138,148,192,165,168,22,23,112,172,128,100,164,118,94,167,142,34,95,146,127,134,57,199,54,88,7,193,181,76,8,74,14,28,110,188,122,32,41,58,18,50,194,36,131,160,79,69,198,102,137,96,13,37,64,81,174,2,158,149,196,154,56,80,44,98,82,16,11,175,91,159,42,106,178,147,130,40,12,60,25,63,5,195,162,31,150,126,111,163,6,99,83,66,109,116,43,78,48,280116
31,126,125,109,117,83,65,150,24,174,128,167,194,129,74,164,180,144,93,160,18,118,158,38,182,0,25,1,44,145,16,111,75,61,87,134,191,62,19,15,184,13,113,22,73,139,70,143,132,149,120,11,50,141,173,178,23,81,6,37,43,175,26,53,112,54,82,181,107,55,154,190,142,84,170,59,157,186,124,96,12,33,148,192,166,156,116,127,49,100,71,79,68,66,7,9,2,95,27,122,255057
91,37,30,42,61,107,157,167,137,40,65,170,148,3,31,198,108,124,164,92,72,109,138,80,64,127,147,16,118,151,35,36,166,99,5,178,68,143,122,149,113,193,126,22,60,165,103,136,156,129,177,83,175,88,98,145,47,144,180,32,159,169,18,86,155,53,100,104,163,125,39,188,110,26,52,130,2,150,154,24,182,161,189,132,20,111,89,4,94,199,43,6,172,77,93,10,114,11,12,15,269121
77,5,167,53,69,13,128,183,37,130,156,125,190,2,90,178,169,59,68,63,164,85,199,196,66,25,84,155,143,189,56,57,138,177,10,118,44,113,109,142,49,64,115,175,7,71,58,172,39,192,107,11,74,99,101,108,19,91,29,134,14,112,131,82,116,0,72,103,191,35,50,73,24,23,78,147,52,140,92,65,8,145,186,79,119,129,154,86,174,70,83,148,127,117,157,21,45,144,198,67,276162
13,172,84,112,162,27,123,140,61,161,182,139,104,49,35,57,177,183,143,149,24,148,36,164,157,141,19,76,58,55,127,38,136,175,113,6,33,16,95,59,174,121,118,138,92,51,75,163,159,45,184,48,2,193,116,170,109,37,85,97,105,96,21,80,47,67,150,71,115,151,29,173,158,43,130,46,196,28,77,125,133,111,17,89,165,64,168,7,12,103,86,90,70,154,166,107,101,185,10,25,263783
17,59,80,128,180,97,142,130,143,149,197,58,1,123,119,192,74,110,5,40,125,165,83,135,175,147,164,129,188,15,20,66,144,6,43,158,126,181,21,51,62,31,166,116,44,69,139,12,77,88,118,4,78,138,161,94,132,105,112,2,114,54,61,41,198,63,182,64,70,160,37,9,79,109,24,28,75,140,91,25,23,137,89,194,134,185,124,199,96,151,102,48,156,47,99,115,169,121,16,33,264478
112,128,78,19,31,179,115,140,15,87,49,61,145,45,13,175,7,96,136,191,199,197,80,63,6,173,65,64,164,148,69,16,121,35,127,110,159,53,183,119,84,171,168,157,94,162,180,95,37,114,169,33,194,141,32,156,9,135,82,137,189,81,104,138,41,193,18,60,92,83,4,57,155,144,185,181,107,126,47,101,131,139,29,172,46,93,44,17,125,79,66,146,132,43,56,192,152,50,21,161,254952
38,25,54,33,10,175,189,91,29,7,62,136,40,160,179,69,84,156,195,111,168,42,194,57,63,76,113,123,27,125,198,164,197,115,92,155,170,172,145,196,13,90,131,96,64,21,59,52,30,183,105,95,43,1,110,112,87,82,16,45,184,93,185,188,119,162,106,58,9,5,37,174,98,138,6,71,88,140,146,89,22,2,85,78,60,190,70,152,180,173,124,135,186,75,97,73,86,163,41,129,265566
92,186,50,38,163,129,57,140,144,8,71,116,139,45,15,61,137,58,11,51,34,55,174,121,179,133,27,142,161,124,132,126,18,164,123,56,74,195,148,127,97,75,122,197,150,88,105,90,2,37,4,191,52,166,24,99,190,49,107,183,78,192,101,81,145,73,146,70,44,32,96,130,110,111,1,13,47,193,152,9,117,141,25,33,138,158,199,43,19,119,29,120,196,41,171,178,14,125,87,82,268035
86,166,100,101,130,184,117,181,12,19,78,94,93,114,88,111,151,106,199,70,75,113,135,76,30,141,190,63,91,50,59,4,104,7,179,0,164,42,65,185,83,129,33,173,25,10,68,139,158,39,49,31,112,146,197,195,69,29,58,98,95,3,20,24,87,132,62,77,27,152,183,126,108,161,18,178,99,89,140,121,102,170,142,1,82,169,115,81,2,46,189,110,103,51,138,38,96,188,159,165,264446
94,196,108,98,28,50,186,140,38,53,134,32,159,77,121,5,16,170,119,61,188,80,27,76,92,72,96,192,185,9,64,97,22,124,180,10,165,189,12,169,146,69,70,127,181,101,31,148,123,1,41,117,59,82,71,178,135,104,20,131,152,43,156,62,81,197,86,21,120,130,184,48,88,172,195,89,40,129,17,198,183,57,139,191,2,91,118,42,144,74,193,177,87,52,75,44,99,84,67,46,262661
32,161,5,191,71,21,79,84,3,157,68,111,0,62,59,67,185,110,23,26,27,131,134,147,115,156,69,172,146,63,19,103,22,9,47,178,182,77,36,2,40,164,43,155,86,65,44,98,125,142,133,152,96,174,196,123,151,85,93,57,18,51,1,12,166,81,70,90,78,109,121,87,25,50,177,60,197,45,140,28,48,39,181,92,199,107,171,101,80,13,137,183,195,194,143,117,153,8,149,168,272967
159,154,104,0,185,174,155,140,28,12,88,186,166,113,91,184,199,78,70,129,46,145,117,150,144,2,171,67,101,1,63,87,105,48,134,110,160,124,132,34,42,20,152,39,164,120,198,127,49,92,115,41,27,103,188,57,148,177,44,31,173,80,194,179,64,111,126,130,137,84,52,19,147,94,95,165,151,168,54,96,108,3,60,30,143,50,116,197,149,51,98,153,182,114,89,90,18,157,158,59,263284
80,130,146,37,2,1,39,111,160,93,113,193,165,18,75,92,142,72,25,41,74,76,135,133,21,162,48,157,106,35,19,194,163,152,191,27,31,45,57,56,177,70,68,53,85,84,137,164,82,34,26,23,7,65,110,168,66,125,99,59,0,158,94,44,144,54,117,81,189,123,101,102,46,192,159,116,49,131,149,184,90,141,71,51,9,60,153,38,13,17,16,161,5,150,58,62,151,4,197,73,262378
194,74,13,107,33,19,138,2,140,55,50,101,198,97,181,189,196,102,48,83,126,182,180,177,158,137,61,1,169,58,39,77,63,168,54,96,53,88,87,131,20,124,30,47,49,162,44,82,38,164,108,94,127,79,26,40,135,65,106,134,22,111,27,72,172,148,130,86,149,156,190,142,110,145,32,166,133,98,171,93,76,199,153,179,174,43,100,90,155,188,8,129,51,17,9,103,91,46,136,71,263207
130,131,90,137,43,113,177,55,17,33,168,188,28,103,199,152,138,70,172,76,161,105,34,193,184,78,40,23,8,109,56,85,156,60,63,27,174,117,45,192,94,190,79,170,4,86,157,36,107,75,64,165,181,101,116,143,77,149,114,61,126,96,159,15,180,3,191,102,25,196,37,134,147,58,48,12,6,182,140,19,11,50,150,123,1,30,87,106,68,108,135,136,44,179,80,198,65,14,187,145,267254
25,62,150,48,151,92,152,46,140,106,118,190,32,139,155,45,0,47,105,108,24,186,35,69,86,73,10,138,83,94,61,93,154,129,103,63,9,26,142,144,74,115,71,116,82,143,124,149,119,133,7,54,12,141,164,15,127,111,56,84,80,19,16,34,130,161,66,89,85,81,5,8,31,153,148,42,13,64,4,21,22,53,163,136,29,36,162,57,96,184,181,38,95,107,187,55,101,20,189,76,278432
95,32,66,86,148,192,182,195,117,98,19,23,51,13,126,100,110,118,76,94,91,135,147,60,151,26,77,2,59,57,107,173,54,116,114,193,101,149,73,154,99,29,82,121,8,189,188,46,139,62,159,21,10,42,37,22,131,164,160,24,39,198,169,70,157,55,89,36,153,129,81,171,150,45,158,125,136,38,140,40,199,20,132,34,63,79,166,170,175,44,165,187,71,142,178,61,134,123,191,146,271242
46,37,88,74,4,142,35,65,140,180,105,171,84,199,71,45,70,191,131,80,68,133,116,34,170,143,195,165,1,92,160,196,10,78,184,110,36,158,23,47,11,82,41,96,151,22,12,154,52,48,124,31,98,117,172,135,38,54,30,8,164,163,182,153,75,89,51,174,106,136,50,147,194,40,178,63,156,137,101,175,14,141,109,148,192,42,146,187,55,39,0,59,100,60,112,173,155,119,73,58,255353
58,158,119,160,61,115,85,105,172,43,129,116,60,148,21,144,143,149,28,174,132,181,5,34,141,3,47,198,11,90,48,39,118,19,121,10,112,23,161,156,36,194,50,75,195,67,1,86,193,54,17,51,180,110,178,154,145,138,55,155,142,150,164,89,151,73,37,14,53,100,175,7,104,146,133,25,12,79,22,140,188,99,157,83,196,125,29,40,92,135,168,24,94,26,74,167,38,117,106,184,268976
33,183,156,188,102,162,143,149,140,126,194,78,157,139,95,65,103,7,50,30,106,147,155,75,117,86,125,119,93,88,40,186,115,137,178,24,90,61,82,163,98,58,85,10,51,100,129,29,122,191,192,21,27,68,153,144,107,67,71,181,175,146,89,195,60,164,165,108,170,59,52,46,110,120,131,34,189,20,199,14,56,187,145,161,151,190,35,5,54,70,167,121,148,12,180,13,96,169,185,26,275865
105,123,165,171,86,170,49,16,83,52,134,199,137,17,178,76,21,104,73,95,92,148,100,189,74,162,159,26,9,97,15,13,22,112,25,68,131,82,103,45,78,63,90,53,184,166,168,133,182,139,153,175,119,141,7,190,5,59,34,115,193,89,120,4,58,0,48,27,164,65,154,61,37,44,81,18,70,50,187,140,6,177,195,98,20,167,185,158,12,1,172,132,87,75,125,144,84,181,174,72,259472
44,14,173,84,69,74,169,48,140,11,33,161,2,32,76,10,192,68,163,59,30,50,183,95,168,56,190,98,1,49,85,157,73,20,46,146,186,188,107,34,136,104,175,8,101,172,196,43,15,90,174,13,96,118,83,135,88,23,124,130,22,16,3,0,177,40,36,52,87,127,164,7,25,93,187,185,198,119,154,106,66,191,121,42,156,71,115,72,138,24,126,31,77,5,89,65,116,81,91,100,276093
48,191,174,38,126,6,30,0,127,31,197,61,9,145,159,123,121,10,35,133,147,66,62,146,129,88,67,65,95,132,148,144,183,136,134,20,37,29,80,180,153,72,165,63,92,73,156,177,102,170,1,71,21,160,23,90,171,64,89,27,118,70,74,185,84,54,173,155,44,34,98,187,193,164,47,108,199,43,114,140,75,141,107,91,5,42,154,101,135,163,50,131,41,32,86,87,192,113,138,111,269268
8,179,23,59,26,108,119,62,96,199,146,24,151,76,139,56,45,85,51,107,33,197,123,175,141,160,136,120,46,181,177,106,95,182,32,110,153,94,67,145,19,186,17,198,126,125,134,6,142,157,34,122,185,189,184,35,166,89,130,73,129,16,124,83,132,97,52,187,118,147,3,167,188,121,127,164,81,21,109,53,18,194,180,99,117,137,169,152,159,2,42,104,36,20,154,113,54,102,72,128,265339
93,189,159,99,166,86,24,121,38,196,1,179,127,177,175,131,120,84,17,136,173,21,27,71,46,83,94,112,100,150,69,153,197,48,65,96,41,95,30,148,185,0,19,39,108,63,36,18,40,139,194,67,88,183,85,114,45,37,98,134,106,53,192,77,187,145,6,181,163,101,42,15,73,75,59,118,58,81,164,140,47,174,68,74,43,193,29,16,26,182,7,105,113,170,64,111,129,128,57,132,271972
79,107,132,109,175,100,144,74,6,198,101,38,136,68,16,142,44,80,165,194,27,179,49,42,99,54,153,78,21,185,170,5,47,174,92,172,123,111,65,36,62,103,137,197,18,133,186,63,171,29,2,12,151,58,135,117,130,40,57,13,70,187,196,158,183,35,124,157,10,152,93,134,110,14,199,90,159,115,127,84,45,164,118,87,173,11,52,60,105,113,106,156,72,102,178,43,149,23,32,190,262884
138,69,97,4,94,136,54,199,29,30,59,76,106,38,108,36,127,185,182,61,137,35,153,24,112,73,158,180,192,188,179,114,75,21,91,17,58,132,129,126,55,85,87,123,99,98,163,0,148,86,51,28,101,156,197,84,10,187,57,42,152,104,103,46,191,44,32,166,147,79,190,131,151,62,183,161,8,66,45,140,22,168,143,164,189,6,149,113,135,118,110,111,198,27,128,93,81,193,133,5,260952
10,8,87,40,5,162,193,2,26,140,76,138,64,18,115,195,156,153,58,67,114,16,93,60,44,34,117,20,86,50,25,189,59,131,29,1,70,173,109,155,190,106,54,52,22,68,97,33,88,63,123,186,61,167,187,130,69,165,100,168,19,51,39,125,159,197,12,24,27,180,124,45,143,132,182,169,149,49,85,126,83,141,30,127,113,183,164,14,150,43,91,107,151,4,90,134,118,74,94,13,273740
58,103,155,161,90,125,104,150,184,26,124,190,153,3,41,157,110,88,147,23,135,138,145,54,196,82,162,107,85,169,29,17,98,30,195,102,55,181,14,71,171,115,152,96,28,13,33,79,167,47,179,187,73,34,59,109,40,148,198,70,38,0,143,188,15,149,45,75,24,49,43,172,199,32,68,7,197,105,39,11,140,113,31,18,22,99,8,111,164,87,128,93,108,12,146,183,191,77,67,2,297744
52,8,43,182,54,199,99,31,153,140,132,116,60,42,178,174,191,59,193,91,160,38,144,103,82,172,34,69,77,111,51,138,50,152,55,110,119,97,36,23,26,14,58,167,67,121,162,187,161,89,44,63,195,143,122,149,186,17,27,95,179,71,56,78,123,85,94,147,115,84,96,24,125,184,192,181,158,196,166,120,33,146,7,92,102,139,72,197,131,128,70,194,142,57,137,45,165,40,156,28,259877
151,116,6,163,142,73,24,60,76,107,56,71,69,78,125,180,85,90,112,14,98,33,82,106,198,127,166,26,62,53,102,20,55,165,157,70,21,80,167,158,54,138,117,143,187,149,132,89,23,92,131,83,141,110,45,173,104,87,65,182,194,156,189,64,95,51,148,162,146,7,179,195,137,52,145,61,113,46,44,4,140,97,8,111,155,25,28,135,40,177,37,109,48,171,164,2,96,5,197,114,264419
67,154,47,158,15,115,118,76,189,140,52,57,131,88,152,139,9,147,184,93,151,188,84,156,90,111,96,39,97,194,193,55,0,171,167,149,121,13,34,12,192,187,78,1,94,19,89,191,74,28,66,137,138,20,107,122,146,180,70,142,101,186,65,98,169,100,105,150,95,7,199,35,177,113,163,43,58,77,124,179,5,132,54,79,53,128,117,162,129,195,37,127,64,73,174,3,164,25,22,46,273589
65,104,81,199,25,152,181,98,173,154,155,50,7,118,23,133,109,29,169,135,8,44,161,143,6,149,36,34,126,167,127,108,115,94,18,27,19,187,1,196,151,45,100,146,120,89,174,33,58,41,139,22,157,66,177,71,2,60,16,24,83,75,172,105,87,72,147,99,59,57,51,113,165,95,55,148,114,80,63,111,141,106,4,184,190,123,76,103,93,179,110,3,0,121,64,92,69,116,160,170,263980
37,61,81,44,106,148,192,137,53,165,140,74,8,28,143,149,172,35,100,132,78,118,94,40,167,67,142,121,159,31,146,38,12,120,187,107,170,177,144,92,88,75,46,193,182,59,73,77,32,2,130,36,60,163,50,190,150,117,115,151,84,91,20,47,114,51,186,161,131,133,160,79,173,198,7,102,18,95,52,191,17,42,128,22,5,171,139,56,99,158,30,125,196,41,168,0,127,82,64,179,277166
108,53,64,180,143,149,10,48,99,88,31,94,112,58,28,26,147,30,146,57,177,120,124,69,154,190,103,71,184,44,131,187,125,106,127,34,84,67,4,189,119,45,160,42,90,6,134,23,56,78,15,109,158,41,132,52,105,70,50,73,79,17,43,97,3,113,129,8,156,199,157,77,168,66,37,116,85,35,144,151,140,142,181,22,148,192,101,135,1,20,12,14,155,178,98,100,65,175,169,123,272001
157,199,57,177,81,146,162,29,69,97,140,44,65,148,160,167,159,111,121,64,8,5,126,55,31,10,173,187,117,99,86,163,154,25,26,118,1,38,98,108,198,133,20,51,12,180,47,22,165,79,168,24,169,18,58,193,80,145,134,27,9,39,113,106,92,147,28,112,2,109,102,186,100,178,17,54,104,174,128,71,170,61,91,23,33,4,124,175,53,188,132,56,19,184,75,36,46,70,172,185,278278
38,62,18,15,76,81,24,169,129,112,167,41,188,144,19,65,102,170,155,68,16,55,12,115,187,1,162,7,168,182,191,74,70,47,52,60,88,61,127,89,161,125,118,57,0,14,13,142,166,105,3,192,172,178,196,75,27,90,54,43,113,96,107,126,58,66,32,6,30,194,136,134,20,117,84,121,80,171,175,87,140,137,21,145,94,131,109,185,157,34,173,95,148,69,133,2,44,51,31,5,278830
97,68,66,76,195,183,198,5,108,121,163,91,82,111,181,147,41,114,171,157,71,187,148,36,10,100,73,79,132,46,60,28,30,178,150,75,33,34,184,194,83,4,7,116,129,105,9,162,6,118,39,84,135,144,26,45,70,113,122,137,51,93,49,136,112,102,199,15,193,175,189,47,110,27,94,128,186,24,0,57,141,67,12,134,8,59,182,165,96,11,124,103,56,63,86,16,92,95,22,2,260048
44,167,83,123,95,114,112,151,194,131,57,109,102,178,142,14,183,192,67,119,42,41,49,195,165,6,48,84,53,56,124,20,29,116,69,80,59,93,137,73,3,105,71,173,117,28,104,188,108,24,72,125,181,54,113,154,136,118,5,175,27,170,191,132,185,158,121,162,98,62,90,45,10,128,11,156,115,9,159,21,129,163,17,1,40,13,135,169,198,43,110,36,160,144,88,134,120,52,91,190,271124
121,85,76,40,84,79,30,81,66,111,140,99,61,98,187,182,196,139,48,69,92,53,116,72,150,11,183,151,158,109,67,148,91,180,68,89,78,157,156,18,35,169,195,96,119,130,87,10,83,136,175,74,113,185,5,80,26,126,166,59,174,112,60,155,118,160,38,16,54,190,171,128,7,106,57,29,22,90,100,23,193,186,1,24,37,120,70,162,172,181,32,88,9,31,124,152,4,192,132,143,264672
156,132,0,112,33,138,166,102,82,197,171,187,174,95,147,117,110,123,135,56,40,59,129,28,22,107,155,31,5,144,47,99,2,74,124,97,42,183,85,133,190,185,172,67,61,34,109,151,184,113,30,103,141,15,53,198,98,121,13,161,195,3,39,165,78,199,159,32,20,119,196,182,62,120,79,180,52,55,92,23,21,188,93,90,41,37,152,11,76,146,66,29,43,81,191,60,177,114,126,65,268064
165,125,63,51,188,111,82,187,60,160,140,190,16,191,80,138,104,47,95,45,197,26,35,42,123,106,131,32,9,75,185,105,175,89,136,110,142,40,6,2,148,84,170,72,130,43,113,189,22,50,5,54,135,91,87,157,108,83,129,117,69,173,31,192,109,44,145,151,128,144,107,41,103,52,61,86,146,152,154,195,143,33,77,149,49,168,186,139,56,1,90,62,193,133,119,57,96,23,10,124,264856
182,193,102,63,187,82,90,179,100,134,92,52,133,87,39,49,72,101,185,94,73,198,175,8,50,138,97,136,88,34,77,197,54,18,93,6,21,11,163,65,9,104,43,98,113,69,40,15,121,58,120,22,127,110,159,106,3,53,183,111,29,7,177,168,2,33,128,115,152,166,143,51,132,149,44,64,169,70,158,194,141,140,156,150,17,118,154,151,0,137,16,174,145,80,129,108,37,195,78,74,253574
187,111,171,142,144,32,185,55,94,46,93,140,90,175,9,173,0,179,38,61,136,180,7,141,119,108,19,95,59,192,169,117,196,73,36,17,138,48,188,165,12,168,197,174,21,191,11,42,194,148,23,146,107,74,80,112,182,51,184,181,143,114,122,199,75,133,104,5,183,92,97,155,110,157,91,8,76,15,26,172,70,67,131,43,106,100,98,170,10,69,4,186,126,178,154,1,27,153,88,109,269845
101,122,82,157,175,158,126,109,156,132,15,86,81,193,9,22,69,194,168,90,105,87,78,170,67,16,57,179,83,89,79,98,11,172,155,74,129,3,146,121,20,53,159,75,144,123,138,73,34,119,152,17,139,197,18,88,127,47,142,32,5,60,147,180,30,108,44,66,36,35,46,48,150,178,80,117,76,161,189,183,72,140,37,21,1,196,116,160,29,6,110,104,153,71,19,0,93,181,95,85,265131
92,69,184,91,55,14,136,39,96,57,177,140,81,80,1,120,105,74,24,79,125,23,48,145,109,189,90,89,21,70,54,115,84,107,49,53,179,133,114,16,38,152,101,149,25,132,134,162,29,85,46,141,123,178,103,171,138,37,148,160,73,128,43,122,197,33,9,11,87,0,198,35,129,188,98,76,116,191,165,18,166,94,7,2,190,144,61,139,163,183,36,50,157,58,59,186,72,6,83,12,260625
85,78,122,137,186,12,161,97,79,84,7,64,147,146,100,165,110,15,98,1,23,0,157,16,10,193,114,18,166,5,159,143,173,178,108,96,104,83,26,6,95,182,109,45,68,28,179,56,67,145,57,8,111,70,190,86,69,34,134,128,127,199,150,49,54,169,138,184,19,46,94,55,65,174,76,197,103,3,107,29,132,140,88,153,27,135,72,126,82,38,156,158,13,39,30,33,102,63,119,183,276145
146,19,9,119,170,70,50,93,18,180,133,140,0,178,129,107,51,40,139,169,144,143,12,152,71,190,68,43,72,181,113,34,22,86,110,151,198,85,17,130,36,69,102,46,10,95,8,196,27,112,5,161,156,80,158,74,179,29,128,94,109,147,131,35,122,44,123,163,62,172,134,1,64,108,99,145,87,138,153,155,142,56,45,83,33,115,197,30,162,31,7,117,100,48,65,106,173,182,96,26,261554
48,72,114,122,6,98,105,31,68,186,118,143,195,149,152,156,19,135,159,77,88,121,47,172,21,12,2,73,191,5,188,36,38,50,40,87,34,74,193,9,157,192,155,18,116,90,84,171,111,95,129,180,46,139,165,151,189,32,78,61,144,1,29,133,28,127,179,181,101,54,41,44,26,123,153,56,93,109,17,82,76,91,140,134,71,80,104,138,15,194,83,166,102,69,39,99,161,197,168,8,283641
65,42,149,198,27,155,104,12,101,50,40,147,80,11,2,99,81,118,1,74,31,45,115,84,85,113,182,5,35,4,61,195,22,116,38,29,103,130,125,166,73,59,108,58,77,163,112,142,170,98,173,135,93,132,128,7,20,6,194,199,15,43,117,64,19,122,8,9,71,153,26,110,76,66,3,151,179,184,88,53,123,23,126,87,13,39,129,78,139,44,120,37,159,180,46,134,75,138,92,169,266304
74,61,109,59,122,148,159,192,39,196,91,14,121,20,186,92,1,81,71,4,89,100,116,36,161,17,94,194,93,67,104,42,80,48,13,50,133,78,41,21,150,57,107,96,111,26,7,88,51,195,193,141,128,30,169,137,174,19,157,90,191,85,54,15,188,153,3,69,77,127,65,76,60,75,10,47,106,0,119,131,34,8,182,73,135,198,179,123,45,132,110,28,98,165,114,151,87,156,64,171,276987
38,154,7,173,93,13,14,162,174,21,9,140,116,142,77,94,88,81,139,89,113,45,184,49,163,59,48,70,129,62,165,118,168,137,61,86,144,17,36,171,71,131,32,112,24,4,66,125,55,25,35,128,80,69,160,104,99,74,16,156,172,84,196,95,43,90,122,158,195,161,96,76,44,51,92,82,115,60,72,103,159,42,114,12,148,50,192,189,83,133,58,73,54,170,31,179,146,1,190,41,267374
13,116,30,131,94,122,54,119,133,168,147,182,137,86,172,63,135,113,89,186,37,79,156,107,5,19,160,162,106,170,158,91,75,189,2,51,181,84,109,180,111,53,26,23,45,10,55,59,85,128,166,108,198,32,139,153,120,199,145,9,12,71,36,193,129,43,64,173,142,190,114,42,90,93,127,100,157,117,97,98,141,48,140,14,146,47,28,195,185,81,80,24,191,136,68,163,96,105,112,188,258422
104,64,163,151,117,92,38,157,22,134,87,191,140,155,113,28,89,154,103,81,73,188,45,141,97,83,96,12,51,102,14,35,119,42,130,43,17,61,44,33,190,25,56,88,120,78,118,128,162,93,135,153,192,3,0,109,54,125,34,147,2,133,132,20,39,63,67,182,159,165,60,146,178,9,181,71,101,185,90,86,75,180,8,23,145,136,59,174,169,139,108,11,171,148,111,82,175,131,69,167,273412
2,0,74,48,30,107,165,19,77,138,190,144,88,11,58,89,101,63,198,150,108,173,51,151,196,104,70,13,100,22,126,80,184,71,73,177,111,68,15,174,115,50,55,169,17,45,153,114,117,29,28,27,178,118,31,49,66,119,146,72,18,38,124,14,92,185,16,98,162,76,82,83,60,163,170,193,61,95,136,79,12,65,140,57,135,90,175,106,21,5,105,41,32,39,167,157,172,143,194,130,265581
132,93,124,16,100,31,42,32,7,147,183,98,140,2,89,97,127,91,192,139,138,120,67,78,102,157,11,15,47,26,92,40,178,134,133,114,86,112,99,23,55,153,129,191,128,48,146,73,1,70,172,144,30,60,185,199,188,4,9,108,118,166,29,28,189,8,125,194,122,82,88,136,85,17,66,18,63,196,22,96,158,95,119,20,173,137,116,143,162,167,142,149,5,117,37,155,76,184,38,43,278606
68,177,142,9,172,72,181,125,150,166,0,189,178,38,86,145,135,62,31,117,183,24,85,114,35,41,75,180,84,186,138,16,148,146,39,132,194,153,106,88,154,74,185,158,50,165,134,21,60,69,25,26,163,182,139,94,56,79,155,99,12,73,66,151,136,87,43,124,175,15,93,80,71,102,20,104,160,143,129,77,83,149,140,105,171,81,95,193,92,168,110,14,144,115,107,152,51,130,192,97,259513
103,9,78,113,115,194,133,158,88,44,80,123,140,19,90,109,161,27,39,5,146,155,81,74,171,126,8,71,1,108,185,183,153,34,112,96,55,32,173,59,138,145,184,157,181,61,93,67,154,160,10,68,72,2,92,170,30,142,175,85,16,42,51,58,117,116,82,198,143,180,174,149,17,31,56,191,131,169,150,141,167,45,4,151,64,37,152,70,14,139,188,21,33,79,26,25,28,98,75,36,257383
114,113,195,58,74,83,0,46,147,197,89,7,12,188,73,61,110,125,123,185,137,160,174,141,57,72,33,144,153,17,80,163,169,109,186,79,65,119,131,128,196,183,98,1,19,168,50,56,70,175,138,36,44,45,199,154,51,18,143,133,47,161,35,48,192,126,88,145,108,102,134,124,166,20,16,167,107,152,24,41,25,8,181,190,165,26,172,127,84,112,64,54,43,63,189,95,130,106,121,193,269078
131,20,36,95,46,164,15,162,193,24,124,100,140,107,56,102,16,44,21,13,197,38,168,153,142,127,22,90,7,32,130,60,159,198,110,117,25,128,182,31,175,75,189,103,116,104,85,30,143,9,80,149,183,2,190,14,129,147,115,91,78,157,3,154,54,76,4,150,152,66,167,122,105,39,156,51,171,35,92,47,5,79,134,77,125,98,27,96,62,118,73,45,93,196,97,67,120,63,6,170,261981
168,46,33,179,88,9,8,164,95,163,122,47,94,83,180,135,171,96,153,126,75,71,25,91,111,190,191,35,162,98,192,197,133,116,90,136,170,108,143,195,0,149,28,74,132,59,37,188,57,106,148,184,22,110,32,139,173,6,107,152,69,54,183,38,103,68,167,155,109,105,104,154,65,53,10,124,77,49,30,142,87,42,15,140,120,112,119,63,100,121,51,127,129,5,182,134,118,73,29,97,257797
198,94,196,14,56,62,117,147,41,80,164,66,140,181,153,11,29,72,0,1,159,193,77,121,5,74,81,112,136,143,155,149,57,128,85,161,15,32,30,123,90,37,197,96,46,69,47,70,162,135,152,199,61,174,73,131,49,195,27,33,165,167,88,50,76,105,169,18,10,12,68,110,122,183,63,54,108,194,111,154,163,138,6,166,58,133,109,4,16,3,139,84,178,177,137,104,93,53,20,160,259649
45,106,52,103,133,174,108,44,36,173,157,122,175,41,66,104,119,131,4,143,169,136,115,182,145,43,63,81,56,80,151,166,128,47,129,125,54,15,1,107,67,152,14,144,186,34,194,90,46,10,101,181,12,197,18,196,167,37,191,148,102,120,105,76,6,71,26,78,162,171,96,160,189,38,11,53,195,172,23,141,170,99,198,183,40,94,154,87,69,7,110,138,29,130,159,9,127,88,16,180,275275
88,116,99,175,153,188,102,73,159,171,149,109,22,140,136,194,69,170,124,189,139,95,141,70,112,103,130,81,63,5,128,172,152,193,127,75,23,72,86,25,104,119,30,160,31,8,150,87,3,115,151,56,178,123,90,65,114,82,133,177,98,184,76,74,197,19,54,59,83,11,129,26,36,173,111,9,192,45,66,182,34,156,10,144,107,2,62,35,49,181,33,146,101,183,195,117,96,46,157,165,267024
153,69,180,28,98,18,147,136,161,134,72,0,142,30,135,58,160,86,164,19,66,107,117,152,25,2,96,14,157,137,35,83,178,101,38,46,165,71,120,12,57,5,177,179,156,74,103,167,17,198,199,32,132,54,126,139,82,23,88,65,123,48,76,94,93,104,119,53,148,158,151,121,3,131,22,197,145,26,70,146,168,43,159,174,8,108,15,47,85,21,191,130,34,44,166,100,95,33,190,113,285701
136,102,27,35,28,121,184,137,182,67,191,31,178,152,19,108,1,196,144,25,164,134,124,57,66,177,74,173,41,81,133,50,158,0,110,174,59,38,163,188,93,44,192,99,180,193,109,98,135,6,46,141,179,161,87,169,72,15,168,92,22,171,43,65,8,32,146,142,24,190,111,100,69,54,122,101,60,83,58,40,62,13,86,37,61,80,197,82,132,106,151,139,71,77,26,126,113,116,34,68,273606
53,155,171,107,152,21,57,13,177,169,104,48,111,122,87,198,93,17,26,55,118,181,70,164,12,128,79,66,80,72,81,63,41,134,11,95,168,28,167,190,7,94,69,0,9,85,157,105,129,75,189,19,2,146,186,49,62,50,144,27,76,86,179,99,182,77,5,172,31,3,196,184,47,90,123,165,148,45,68,96,64,61,135,140,88,34,116,180,51,130,98,173,78,113,33,25,23,197,161,43,254217
24,61,133,120,138,147,148,145,192,114,190,165,7,168,22,79,163,55,112,14,119,172,15,130,150,46,164,69,118,75,94,81,63,167,142,104,12,117,20,115,51,191,49,127,105,134,29,57,199,126,19,91,82,88,78,42,17,193,101,181,76,73,87,56,1,74,111,50,28,13,64,110,179,188,36,122,116,3,21,141,90,123,85,92,129,27,194,6,156,11,131,113,72,160,71,86,10,53,198,144,278220
100,73,4,58,99,39,38,21,111,65,10,20,69,11,138,55,184,30,86,94,37,128,141,108,27,18,62,161,167,6,16,57,85,145,63,118,26,31,7,12,105,19,170,60,173,119,102,74,83,92,82,156,131,166,171,194,139,52,159,186,104,132,125,61,157,116,174,5,80,29,106,44,0,112,42,40,25,13,98,78,70,137,179,155,140,148,89,192,130,185,110,124,107,43,150,32,77,181,1,109,263312
7,166,90,126,125,61,35,109,117,5,195,83,44,156,150,148,24,8,174,20,128,70,130,167,138,194,129,51,74,107,15,164,196,42,144,63,66,105,160,68,3,101,118,1,169,158,155,127,162,182,6,165,50,10,43,116,22,33,76,145,47,96,111,108,198,55,52,40,69,87,193,34,161,191,29,57,122,41,185,64,189,184,14,86,59,113,62,85,2,49,71,139,179,115,38,143,132,19,72,149,262998
13,40,67,146,147,104,20,16,5,158,160,55,50,93,39,122,110,65,128,167,85,68,106,8,109,47,11,189,195,87,48,188,60,164,138,12,63,137,151,44,66,102,33,126,121,99,199,82,9,118,141,27,36,192,100,57,142,172,76,62,21,78,129,43,186,98,185,45,72,162,112,103,125,24,180,70,53,14,7,58,59,30,135,157,150,196,170,96,54,149,120,178,97,23,148,124,25,94,187,34,256792
161,154,34,150,30,19,42,12,61,98,21,107,172,157,167,41,137,96,88,83,130,65,139,170,148,45,184,60,31,181,198,100,108,116,132,124,164,63,69,97,86,73,109,66,62,138,171,195,64,15,59,127,106,147,185,25,85,118,151,17,8,24,173,7,166,4,99,74,37,39,131,178,0,72,70,143,87,122,120,149,113,133,193,190,126,47,6,50,40,162,165,29,103,168,136,187,156,174,129,22,267548
111,133,45,75,183,92,5,100,49,167,103,54,166,135,72,128,122,27,29,192,41,60,90,142,191,119,165,67,18,62,15,14,131,2,159,182,87,102,63,164,79,61,40,185,163,161,66,19,28,174,48,178,98,110,190,138,107,139,156,109,30,32,95,0,118,195,101,181,71,186,132,168,1,150,12,25,88,113,169,141,6,125,36,177,140,130,136,34,84,42,57,187,22,91,9,175,7,10,11,124,263821
77,174,5,147,56,167,101,99,12,112,32,40,116,128,183,173,145,154,130,43,180,156,141,105,190,45,25,15,83,90,97,178,185,169,93,47,81,28,126,124,129,164,50,85,199,88,14,196,16,168,144,33,84,114,155,120,143,46,189,149,72,9,17,30,92,138,177,170,117,78,96,118,36,19,3,113,29,109,142,136,104,68,70,44,195,175,102,86,187,55,161,182,139,59,193,63,194,74,171,192,254222
167,116,46,193,170,189,123,132,73,12,93,178,74,27,88,58,15,155,122,105,185,38,159,163,77,183,168,99,84,8,92,39,102,106,72,90,184,107,171,11,108,114,145,23,164,61,143,57,172,177,20,67,147,103,40,76,191,17,2,9,160,100,180,86,112,194,165,45,50,10,42,95,136,52,186,166,175,37,126,198,85,135,63,130,140,187,36,131,21,137,144,28,41,60,109,25,96,83,71,146,272926
13,0,172,87,168,84,112,79,185,128,33,27,52,123,140,105,61,130,161,8,182,115,188,2,38,104,133,49,35,23,114,85,177,160,194,183,143,100,42,149,82,48,148,132,50,142,80,164,99,157,141,64,25,11,76,66,21,58,5,31,127,24,106,67,56,192,7,175,145,113,59,53,88,43,103,6,152,89,77,72,174,187,121,98,60,118,146,34,92,9,86,101,36,46,163,47,159,28,81,119,266131
55,163,147,194,119,160,151,22,128,197,196,131,105,135,100,177,193,52,129,122,123,134,36,14,29,144,94,143,149,162,23,26,174,173,69,73,181,31,82,58,154,88,199,63,47,54,198,12,170,164,104,87,150,76,92,93,44,139,175,66,60,112,18,161,45,156,113,169,99,48,46,24,77,75,146,11,182,41,187,186,95,3,130,83,140,17,50,10,191,189,37,171,106,118,145,28,138,116,153,155,276791
25,26,41,112,34,80,128,27,191,120,117,97,142,103,140,130,19,143,149,61,197,9,169,49,137,54,151,123,156,119,29,192,74,134,110,189,36,109,10,81,28,125,165,84,65,184,135,124,175,162,0,148,164,76,129,90,183,188,152,16,17,146,155,196,113,144,21,157,32,67,98,158,51,163,181,187,20,102,141,96,7,122,24,14,172,166,86,116,30,99,60,100,69,139,153,77,70,173,190,68,266881
179,107,62,137,128,182,54,143,149,99,17,19,198,36,74,101,132,70,48,84,122,35,141,102,28,155,53,52,193,91,10,197,75,166,158,103,82,64,172,175,81,150,20,77,136,134,151,49,146,152,180,25,133,44,164,117,154,14,112,33,7,113,90,43,86,66,183,142,190,162,8,187,72,89,68,67,116,24,31,92,135,37,46,56,186,140,12,34,108,153,129,5,170,41,58,26,83,85,40,6,262082
112,147,128,26,34,85,71,44,31,16,179,75,115,51,140,20,6,15,108,14,104,57,37,139,24,145,45,126,2,170,175,35,56,46,82,96,146,161,27,191,199,123,197,86,100,107,72,63,1,22,173,163,65,49,83,50,103,164,113,148,69,182,55,174,121,116,151,77,187,127,30,110,159,106,18,48,29,183,47,119,58,165,122,171,168,91,157,9,94,12,162,188,180,60,95,198,3,73,114,33,264298
32,128,118,48,66,35,181,127,40,190,92,17,135,77,188,174,157,165,195,179,175,122,0,171,133,196,117,20,71,136,150,152,129,142,78,62,26,52,60,115,193,144,85,49,104,36,97,25,123,10,147,145,93,197,12,184,169,108,139,22,164,96,168,55,70,187,189,75,126,68,134,178,14,156,38,194,43,192,130,29,153,7,161,39,67,140,151,132,183,186,109,15,11,74,44,120,166,69,137,101,264776
86,67,50,31,173,34,53,95,138,10,146,175,130,189,140,44,70,19,36,11,62,79,152,64,5,106,46,160,93,179,163,82,59,84,74,156,195,77,111,38,168,32,81,3,194,98,135,45,21,63,76,178,28,113,7,124,41,55,13,125,159,198,164,83,197,72,115,102,148,104,155,191,0,170,114,172,137,145,196,154,54,144,134,122,158,12,51,96,142,25,69,97,89,139,39,15,108,35,183,147,269617
184,125,175,38,93,62,7,14,11,43,170,95,127,194,102,136,103,168,138,150,6,12,126,46,132,83,75,108,50,172,82,178,24,155,157,92,32,97,180,199,64,3,73,192,55,51,182,158,188,76,113,58,193,53,106,195,94,165,187,61,41,77,123,18,65,164,33,17,173,31,153,91,120,87,100,197,16,130,141,68,135,181,101,39,79,140,54,154,98,15,177,99,115,45,186,66,105,48,90,71,265618
92,69,88,186,152,34,75,77,163,162,129,178,57,56,104,140,171,25,40,29,46,141,60,139,118,67,20,198,82,138,61,11,43,137,111,91,3,15,103,51,12,78,117,96,86,174,121,18,159,179,133,114,8,62,187,142,161,49,119,124,132,120,126,102,35,184,153,164,125,123,52,84,5,195,93,38,37,148,127,7,180,97,21,54,122,2,197,4,65,150,169,17,32,105,154,59,41,189,87,72,248514
91,136,54,52,45,44,106,148,145,192,125,137,135,151,20,70,127,85,5,37,95,33,191,122,36,9,6,100,97,162,115,118,99,39,94,49,56,67,62,138,196,23,68,71,189,169,129,19,84,120,109,187,157,107,170,166,177,144,46,179,88,153,59,42,193,101,60,79,24,73,164,14,69,13,12,130,123,51,17,163,156,21,2,190,76,140,117,22,111,105,185,18,195,143,83,132,165,197,147,186,258717
41,86,116,166,100,188,101,50,186,130,184,60,40,181,2,140,126,90,39,10,98,27,142,133,84,95,37,114,5,88,111,182,42,165,145,108,159,199,120,177,87,75,156,30,21,135,81,76,187,162,141,31,99,190,63,54,79,153,102,36,38,28,47,124,131,172,4,17,179,11,55,110,97,164,20,8,19,160,185,150,83,103,129,143,68,173,148,149,192,45,35,33,82,196,139,93,96,158,107,49,289993
87,93,77,124,102,156,68,48,171,29,46,47,94,119,65,114,148,23,74,172,127,91,177,80,190,131,180,69,7,161,95,49,6,132,50,107,55,21,12,9,113,155,83,38,187,79,118,81,147,78,160,181,153,151,191,63,35,126,163,138,158,45,89,98,19,106,59,185,60,56,162,157,16,143,130,184,198,193,179,135,66,100,105,115,194,140,109,182,32,110,123,4,2,121,146,14,53,168,8,170,262046
75,157,196,114,155,177,67,130,19,104,50,2,69,186,70,140,38,27,65,53,134,0,160,82,159,29,111,66,174,17,90,15,144,5,95,170,73,119,61,173,188,187,40,80,8,86,76,153,87,92,72,56,96,194,192,21,185,100,9,1,54,89,84,143,43,52,166,149,180,51,138,93,165,151,189,168,47,39,164,169,107,146,32,42,4,137,145,127,179,181,162,78,12,99,106,148,11,147,34,33,268815
102,31,0,120,20,58,51,124,165,97,35,135,53,64,166,110,182,107,67,38,184,189,194,79,86,148,24,2,125,22,66,101,29,134,199,42,54,163,187,95,8,103,91,198,185,76,93,6,133,73,77,98,18,168,143,196,74,149,45,139,171,21,119,137,7,44,12,9,146,4,50,36,144,26,60,105,57,85,49,96,138,164,65,5,121,94,191,156,23,193,178,3,41,151,1,28,72,37,179,25,270259
171,49,161,14,3,16,191,91,96,71,100,10,159,83,15,140,12,54,186,157,192,42,111,4,2,65,62,23,109,59,168,67,185,66,187,75,30,0,153,40,18,61,137,131,143,135,106,149,115,102,156,126,45,69,97,172,146,150,89,104,33,70,107,103,17,13,28,118,47,72,178,124,182,117,188,39,116,36,52,50,170,32,68,164,31,184,155,122,27,63,138,127,77,8,139,114,129,167,112,142,287934
97,79,129,24,5,131,30,195,183,198,172,142,156,108,180,163,170,145,82,39,137,185,80,32,49,17,122,21,58,127,35,187,52,153,148,96,149,13,125,92,112,38,132,146,76,60,109,161,165,155,178,1,110,54,53,99,42,173,31,174,83,23,57,94,85,116,12,20,105,37,26,130,67,158,118,121,111,166,47,135,9,14,11,114,104,34,164,40,100,27,81,51,126,167,152,136,147,190,102,44,246395
159,151,182,39,130,126,12,20,34,185,121,193,155,4,59,140,73,196,183,14,1,88,83,186,143,166,195,55,187,153,184,56,40,199,54,78,70,191,129,66,46,9,80,145,117,102,86,150,144,23,11,81,189,171,6,116,180,90,16,181,35,96,87,109,105,25,142,38,190,134,79,114,160,72,133,124,43,132,2,75,47,98,118,33,71,152,163,136,167,122,120,13,198,161,175,127,63,31,19,131,262202
158,32,10,71,19,6,45,27,123,154,178,48,115,35,22,143,149,28,146,24,49,151,87,169,187,98,20,106,122,183,0,188,5,15,127,68,59,112,190,53,100,94,119,148,195,16,147,125,9,75,17,18,85,14,89,56,13,95,182,79,170,131,80,90,92,46,192,67,83,145,196,4,111,47,159,12,152,23,141,88,136,109,134,167,91,175,140,165,144,118,2,164,172,31,194,33,99,181,180,101,255386
16,121,85,130,36,146,149,37,34,190,25,42,70,0,111,132,140,160,50,153,11,187,131,193,165,107,7,4,186,75,94,83,53,142,116,97,150,18,33,115,183,151,76,73,135,1,172,52,114,91,162,54,81,89,104,157,3,156,198,46,19,95,45,195,69,163,23,152,47,191,90,51,32,136,173,175,8,24,21,167,13,177,78,29,27,43,126,67,166,38,174,61,112,137,164,147,118,72,199,109,277709
172,180,138,47,27,17,109,23,75,197,30,24,82,98,37,153,129,88,187,156,59,80,123,144,67,154,53,25,8,122,20,199,194,35,112,70,166,99,127,184,42,76,174,96,4,171,56,71,18,69,183,148,89,81,105,120,125,121,155,117,11,151,159,177,48,115,188,130,111,86,162,33,137,1,167,72,40,90,135,104,97,195,16,189,68,77,158,142,168,102,83,119,58,52,100,21,164,55,91,79,240586
145,194,64,74,52,43,35,107,94,106,153,82,116,138,187,113,140,60,26,133,197,155,101,18,198,150,97,46,181,123,189,31,36,196,110,193,67,48,47,83,126,170,3,182,180,4,177,86,38,158,137,8,129,40,92,53,98,175,70,136,183,22,15,165,144,93,168,27,65,167,96,100,78,58,157,88,85,87,131,44,29,151,1,124,59,10,132,103,32,112,49,162,115,14,33,91,95,79,51,164,245159
98,38,116,115,157,103,153,17,44,73,135,187,169,158,3,79,35,55,21,71,191,119,78,138,104,47,145,57,72,177,122,197,120,31,91,22,123,87,106,20,154,109,127,37,168,1,105,175,121,89,159,107,136,65,142,81,40,14,30,51,148,80,50,15,167,125,181,62,0,19,97,183,133,52,53,95,34,9,99,4,28,126,172,24,69,102,196,18,129,54,90,12,173,76,160,150,199,171,27,182,269871
130,153,131,56,86,101,179,187,134,34,113,9,177,88,150,55,140,97,33,26,120,168,163,188,100,28,103,59,30,199,54,152,25,138,77,37,172,171,186,161,71,17,197,123,135,136,119,193,154,184,51,78,145,22,45,1,81,65,66,109,167,67,10,85,156,29,50,160,32,108,44,110,0,174,19,117,14,70,192,95,42,94,190,15,87,3,170,61,124,83,178,91,157,8,84,92,139,41,99,2,270885
100,60,117,75,187,67,38,113,31,120,83,54,90,118,85,48,179,46,99,24,134,152,170,33,74,174,56,156,182,175,129,122,11,107,17,126,73,136,159,165,8,0,40,138,133,173,89,127,103,59,123,9,191,197,12,167,154,70,84,132,189,97,71,68,130,29,155,63,58,148,178,119,47,198,125,3,10,135,145,23,102,28,45,1,161,30,93,140,66,146,2,169,183,163,86,77,131,106,116,158,266619
163,187,111,62,150,113,63,189,97,151,162,160,152,29,46,36,140,67,14,106,175,31,27,190,32,179,139,41,33,155,136,180,134,28,84,57,105,51,108,99,88,2,44,186,192,89,169,58,196,86,178,15,18,6,138,37,60,131,188,193,61,79,158,22,197,66,129,3,30,103,43,59,194,56,64,126,146,100,107,144,9,4,74,115,182,73,12,116,95,68,171,72,124,122,147,199,121,128,133,104,248100
48,169,113,152,82,49,4,63,96,135,175,84,12,161,32,110,30,133,57,131,10,47,40,136,44,112,159,199,118,151,178,124,122,70,71,179,181,93,75,53,198,194,5,24,89,134,167,27,94,141,79,127,97,26,100,6,111,37,166,184,80,139,74,146,138,31,72,170,25,92,29,154,172,45,180,197,116,54,165,42,137,143,13,35,191,149,68,140,55,14,0,185,51,95,33,128,2,87,60,43,232959
3,175,82,170,191,44,166,55,148,145,192,194,12,182,38,195,140,117,98,109,115,17,102,26,51,125,37,172,49,126,100,29,132,110,96,118,76,14,94,79,72,167,89,142,147,179,60,186,24,151,162,146,77,42,47,6,174,134,161,137,107,57,41,173,36,83,116,88,63,114,133,193,101,32,181,149,62,11,106,154,185,48,28,39,64,7,197,121,1,67,53,189,188,43,128,120,139,4,10,80,260189
106,82,69,29,184,91,198,174,45,136,196,34,20,101,159,188,73,51,59,80,36,121,10,17,26,105,16,94,83,21,103,27,44,122,195,145,167,137,189,90,60,89,118,129,47,54,28,115,84,14,163,30,110,111,67,179,127,114,32,157,81,143,117,150,23,149,56,132,185,182,126,162,7,75,155,131,24,141,123,168,169,68,171,93,138,53,55,154,43,192,31,50,199,147,8,71,48,197,142,92,279002
1,46,136,30,55,88,98,74,4,64,142,63,35,44,65,39,173,148,16,180,20,141,171,77,49,199,57,139,71,23,106,56,167,40,125,191,7,155,29,80,89,107,28,133,116,114,12,45,170,118,86,143,195,38,165,101,185,168,36,93,58,160,91,196,2,179,78,9,21,184,110,8,120,25,115,158,112,24,121,129,33,134,82,22,193,123,108,97,177,198,128,162,72,92,104,154,53,190,62,17,262249
155,84,159,59,51,181,79,54,50,135,67,34,121,146,104,95,108,166,112,30,33,38,35,68,126,92,64,167,86,163,22,161,75,117,168,14,83,10,89,158,44,99,143,147,149,185,16,77,52,188,71,0,150,36,62,192,118,41,48,130,127,120,180,172,74,142,102,190,3,13,56,195,109,103,26,179,42,157,11,29,173,82,9,8,12,28,174,145,128,110,47,18,123,76,134,4,148,5,101,40,272802
146,19,158,16,3,119,160,157,70,61,93,115,168,63,184,133,37,172,25,43,95,129,167,116,60,59,148,69,22,9,144,45,143,185,149,21,1,100,190,104,36,132,135,181,125,35,74,30,34,141,51,57,26,47,182,198,44,186,90,33,38,2,99,84,126,4,8,191,53,189,28,77,68,112,171,79,161,117,97,156,48,29,194,91,179,18,6,128,5,195,199,83,170,165,103,49,193,139,15,123,248937
15,88,40,121,117,193,7,42,190,29,114,106,34,116,171,189,17,167,80,41,66,30,192,199,149,196,65,74,24,170,165,70,142,76,173,122,98,177,120,84,47,156,43,124,49,111,6,59,91,92,28,194,53,0,131,37,68,129,130,20,64,58,102,81,127,90,22,75,133,169,144,118,86,78,87,11,135,19,94,184,166,181,155,56,188,128,39,140,26,178,9,44,85,60,179,157,73,95,89,10,252924
7,33,183,127,156,161,188,180,102,74,185,28,143,167,149,109,131,151,145,177,194,198,21,78,169,157,120,139,166,95,65,45,76,110,89,148,13,68,80,4,0,106,147,18,71,155,12,75,117,36,42,86,55,125,70,119,93,49,41,88,121,56,186,9,159,115,2,137,69,178,112,38,90,20,62,67,39,141,196,163,98,61,14,128,35,85,50,142,158,104,24,100,84,152,17,44,96,122,173,191,271689
25,57,177,143,149,3,144,138,167,104,21,44,112,183,132,97,39,63,193,191,141,22,7,184,98,17,96,15,88,86,162,150,109,95,65,14,122,151,13,53,182,133,79,6,145,61,137,124,37,180,161,158,110,172,103,28,130,102,80,126,19,0,139,101,108,81,77,171,1,174,106,72,32,170,92,82,36,84,90,119,33,128,66,49,160,118,64,29,140,199,47,147,115,117,40,113,75,9,42,189,249064
105,68,115,167,101,165,75,171,172,36,170,33,77,181,28,158,83,140,63,117,134,174,199,183,137,4,12,26,31,178,70,79,89,91,104,129,17,73,95,69,92,188,135,157,100,94,189,58,74,132,109,173,159,142,59,11,160,163,2,97,56,6,125,8,29,14,81,192,47,3,145,61,131,85,82,152,103,40,80,76,128,48,55,71,45,90,156,35,184,53,114,166,180,18,133,161,182,139,116,153,254131
90,17,54,137,125,92,97,14,35,178,23,98,21,133,25,29,67,80,24,63,150,15,106,85,69,57,56,138,160,115,193,107,134,108,183,0,77,111,166,41,196,147,95,8,11,31,101,16,156,141,191,181,124,70,27,130,18,60,169,50,53,75,83,64,117,7,152,59,109,52,198,162,82,127,86,47,151,93,128,96,72,28,190,10,146,132,144,116,140,136,155,87,26,175,20,153,145,103,5,44,258313
44,160,154,6,195,173,84,90,96,79,51,156,62,169,24,103,123,140,53,11,142,33,46,161,88,182,42,43,139,89,3,5,45,192,119,1,163,80,138,23,159,75,121,50,183,165,65,95,168,39,97,106,190,155,170,36,115,152,19,171,85,37,157,72,112,17,133,81,0,49,4,146,186,48,22,188,128,71,77,69,9,136,14,104,175,109,60,199,21,181,172,111,194,196,47,31,151,100,91,105,276147
171,145,108,104,51,99,112,135,87,197,154,85,94,129,90,110,155,8,29,199,75,3,144,195,1,168,33,44,93,101,92,86,64,111,96,117,103,198,25,122,67,26,193,41,172,13,60,24,152,21,65,95,174,130,183,34,124,134,146,119,62,194,28,139,158,57,116,6,161,173,17,83,35,38,175,142,70,189,127,71,46,182,191,115,113,153,5,20,140,131,36,54,12,89,126,105,52,10,184,0,266395
75,94,191,196,174,53,38,26,126,86,109,41,30,17,163,46,127,154,140,6,197,28,4,63,189,9,99,145,159,24,194,77,15,121,37,0,58,8,78,152,147,195,114,22,84,62,146,85,1,166,100,131,70,67,65,116,95,107,138,25,2,148,144,61,51,183,68,136,82,134,11,33,101,128,69,91,137,186,120,180,157,153,42,57,165,7,10,111,29,92,5,54,169,156,35,177,59,102,170,89,246093
18,64,39,198,151,23,117,56,26,118,182,35,101,131,34,87,80,25,58,10,115,181,125,173,63,154,7,100,109,111,152,197,188,146,2,170,54,123,55,33,122,48,142,184,8,116,99,169,126,30,29,16,171,145,193,77,196,65,19,3,195,15,27,22,24,67,120,78,138,60,81,128,61,62,93,183,153,75,177,192,83,134,127,57,85,199,163,96,143,147,76,1,133,149,14,44,12,94,155,13,259690
57,77,179,100,91,7,3,59,29,67,162,133,5,119,34,62,159,118,199,114,146,152,24,2,151,63,39,76,139,98,68,56,97,191,116,85,80,25,37,107,13,27,197,16,123,79,175,115,141,66,117,160,50,136,101,120,22,8,112,181,4,177,106,87,21,95,182,99,60,150,148,81,153,32,94,9,113,58,195,145,172,10,186,174,18,105,198,20,54,178,125,23,102,134,31,82,78,142,157,46,272049
148,13,126,4,1,83,47,135,146,142,45,137,179,15,75,2,5,18,103,27,14,67,89,160,155,180,76,129,157,59,35,162,86,79,172,174,6,175,119,147,90,154,58,120,177,192,136,88,41,28,130,123,66,197,189,30,80,31,84,51,166,91,52,109,163,133,193,188,128,178,74,85,98,149,11,38,97,158,17,170,121,105,55,69,107,81,127,161,140,138,159,106,185,77,48,117,190,195,42,22,263856
50,189,46,152,159,52,20,99,166,12,86,36,1,116,121,34,170,98,196,60,4,107,179,104,58,127,40,177,175,26,18,131,120,55,67,84,29,101,136,8,173,158,47,126,171,92,6,90,154,178,15,162,198,184,39,112,21,100,150,143,14,69,153,129,197,191,132,190,49,53,113,73,81,41,95,78,80,144,65,148,185,169,68,199,43,79,13,186,147,108,71,76,27,23,16,59,87,85,33,139,283363
23,61,116,22,158,64,44,65,17,148,177,192,26,83,60,161,199,6,42,175,141,111,72,21,76,78,70,50,99,178,87,136,179,100,102,8,169,190,118,38,125,94,122,163,68,56,157,20,130,143,29,182,149,90,34,16,154,5,153,85,98,168,15,156,128,123,117,97,124,185,194,196,162,81,105,197,86,48,159,193,101,77,91,126,151,43,0,4,119,140,36,127,52,67,19,53,96,46,109,165,268228
79,37,107,50,132,129,109,134,190,178,100,65,16,144,29,74,47,4,198,71,101,10,64,35,188,156,96,33,181,139,94,142,44,110,61,80,165,28,168,194,11,179,149,88,49,118,91,150,99,57,70,54,112,153,86,22,7,24,185,108,170,66,53,128,154,113,174,39,72,155,172,166,123,106,81,111,73,2,87,17,19,52,1,103,0,189,197,114,148,62,192,23,186,8,63,6,171,191,42,58,275203
175,186,70,78,41,61,135,4,194,133,20,91,88,180,44,65,168,191,174,166,134,163,93,109,38,172,10,55,22,5,143,63,189,86,42,92,6,171,73,64,132,129,3,122,77,48,185,130,141,153,125,179,110,144,33,80,12,173,97,50,51,128,145,184,139,157,181,105,37,99,67,14,154,160,71,114,11,26,62,123,39,199,59,2,43,25,142,147,18,140,158,193,56,83,15,127,17,197,116,79,269354
193,138,164,101,97,50,35,11,94,41,136,124,39,58,199,67,89,32,140,65,143,103,149,1,106,84,22,38,108,31,5,36,134,196,185,10,182,48,61,15,135,137,23,119,153,160,13,7,51,112,2,73,17,158,40,180,82,192,188,128,118,179,26,133,100,30,16,57,91,56,169,111,14,90,28,165,81,129,126,154,25,24,117,85,70,87,123,116,145,99,98,146,163,144,4,93,60,186,62,139,259508
163,95,115,136,66,164,186,42,184,61,143,173,195,111,89,15,35,158,160,23,137,6,76,185,16,169,12,148,8,107,48,83,91,85,161,98,62,147,5,153,100,170,51,104,134,130,27,79,191,70,28,53,114,142,159,82,47,128,41,125,105,78,39,46,36,73,22,198,93,57,156,179,4,55,135,37,124,141,14,146,90,44,166,157,1,63,196,154,33,171,77,50,182,123,20,120,174,180,74,18,274995
125,143,149,44,87,95,40,164,88,4,6,185,193,157,13,19,124,74,41,140,141,76,138,192,31,92,150,65,144,171,166,195,151,156,96,153,79,58,127,67,114,5,69,43,93,53,112,60,174,56,18,23,45,117,113,30,134,27,11,14,10,172,189,84,103,21,146,111,104,61,85,163,52,184,118,173,109,155,98,199,72,190,94,120,51,0,147,73,101,91,42,33,119,188,25,154,80,7,1,54,283457
185,180,90,75,68,22,135,72,3,189,164,186,199,17,13,172,188,34,73,145,102,182,98,57,70,79,46,59,131,51,153,162,138,26,198,181,108,36,53,97,84,155,159,42,130,122,8,47,132,195,165,99,190,146,128,129,23,71,55,9,41,96,77,37,60,139,88,1,125,144,4,94,126,33,74,6,14,31,81,19,194,118,27,52,92,177,103,82,178,140,179,20,78,152,109,66,168,117,15,67,253711
191,109,83,103,155,37,32,183,133,90,125,50,164,104,95,150,114,184,91,140,124,20,170,190,117,193,17,9,41,173,29,157,18,110,47,106,147,63,24,6,135,146,138,180,52,145,33,54,196,194,44,82,162,72,62,107,40,85,75,169,120,13,22,111,67,98,158,30,195,78,102,101,151,181,168,12,108,35,182,81,68,171,115,97,152,48,69,96,65,118,77,129,59,166,5,79,167,43,45,57,267520
198,38,12,79,144,111,108,16,85,98,15,101,45,80,169,164,186,183,194,109,46,171,3,6,53,103,126,24,146,71,159,60,0,77,116,121,68,74,104,65,20,166,130,58,148,105,122,119,178,120,188,177,168,25,36,51,49,27,19,8,87,133,42,50,106,93,34,11,192,33,48,145,162,135,91,152,35,199,86,174,81,39,184,131,124,180,195,4,5,140,165,167,173,189,82,78,118,172,187,90,246908
14,52,16,38,150,43,6,182,89,54,199,4,99,55,50,146,153,75,164,140,115,132,90,116,124,60,165,183,178,168,139,191,5,129,177,45,2,193,94,91,189,142,105,96,144,131,103,127,82,128,157,172,3,98,101,28,22,86,73,111,58,35,88,138,15,102,170,126,25,51,110,31,119,30,97,53,141,11,9,72,40,81,20,198,69,7,155,167,10,47,8,121,44,162,106,187,36,161,46,23,258819
74,111,156,170,33,181,172,168,178,62,196,153,160,116,57,28,106,177,159,36,164,186,2,66,27,16,121,184,137,90,84,88,67,133,192,147,14,17,183,117,92,130,29,47,41,72,173,128,122,155,10,49,38,148,109,53,59,152,32,42,19,79,0,182,54,139,20,87,103,129,96,68,73,171,150,64,78,12,34,60,23,85,167,9,188,81,125,22,124,110,140,77,187,169,37,112,143,136,31,163,265823
177,18,145,15,53,92,41,188,142,55,46,73,155,24,171,10,94,76,123,140,56,126,71,164,69,49,161,87,125,32,47,180,95,36,37,105,101,112,113,135,98,39,63,181,40,128,106,11,183,198,79,127,166,99,48,111,57,74,6,34,102,12,64,196,14,97,165,8,157,21,70,26,109,115,80,199,4,167,66,158,62,5,121,138,147,29,143,133,187,103,136,149,184,60,50,85,190,28,30,61,273215
192,81,165,169,89,94,159,134,199,197,117,129,30,80,110,52,76,121,48,17,151,27,70,61,91,123,186,9,145,66,39,105,75,104,32,2,113,95,36,152,59,51,90,158,128,6,7,170,141,122,26,77,29,108,65,78,24,67,88,183,44,126,174,142,150,83,190,5,85,60,35,189,114,180,99,106,143,53,163,101,45,181,136,175,156,187,74,57,172,194,140,13,124,138,0,16,125,41,72,87,286087
