133,162,151,51,118,59,65,116,43,42,5,41,193,159,139,115,198,46,68,0,137,23,186,89,183,143,117,93,140,36,108,69,18,22,146,181,34,30,54,177,48,160,184,84,4,112,131,149,123,127,135,154,180,53,121,100,26,97,1,101,86,75,2,120,44,25,16,171,175,113,78,145,92,129,57,55,52,178,106,185,40,165,90,164,21,144,14,49,62,9,148,167,152,124,94,63,122,176,80,79,73313
133,162,151,51,118,59,65,116,43,42,5,41,193,159,139,115,198,46,68,0,137,23,186,89,183,143,117,93,140,36,108,69,18,22,146,181,34,30,54,177,48,160,184,84,4,112,131,149,123,127,135,154,180,53,121,100,26,97,1,101,86,75,2,120,44,25,16,171,175,113,78,145,92,129,57,55,52,178,106,185,40,165,90,164,21,144,14,49,62,9,148,167,152,124,94,63,122,176,80,79,73313
118,59,65,116,43,42,115,139,198,46,68,0,143,117,93,140,108,18,22,159,193,41,181,34,160,48,54,177,184,84,112,127,123,162,151,133,79,63,180,135,70,154,53,86,75,101,1,97,152,2,120,44,16,171,175,113,31,78,145,129,92,179,185,40,119,165,90,164,21,14,138,3,178,106,52,55,57,167,148,37,33,9,62,102,49,155,144,15,114,186,89,183,23,137,124,94,80,176,109,51,74665
94,124,80,176,51,109,118,59,46,68,139,198,115,116,65,47,149,131,77,43,184,35,84,112,4,190,10,177,54,48,34,103,146,195,181,160,42,5,41,193,159,22,18,108,140,93,117,0,143,183,137,148,9,62,144,49,14,138,3,178,106,185,40,119,165,90,81,196,52,55,57,92,145,78,175,171,16,44,120,2,152,1,97,26,100,101,75,86,53,180,154,135,127,123,162,72,151,133,79,63,75051
101,75,86,26,53,180,154,135,127,123,149,131,35,11,84,112,4,190,10,177,184,160,48,54,30,34,181,42,43,77,105,47,65,116,115,139,41,193,22,18,69,108,117,143,0,46,118,59,51,151,162,133,79,63,80,176,137,23,183,89,186,114,15,9,62,102,144,14,138,165,27,90,81,40,119,185,145,78,31,113,175,171,16,25,44,120,129,92,57,55,52,106,178,3,49,148,94,152,1,97,74259
175,113,56,31,78,145,196,185,40,119,165,90,164,21,144,62,9,148,102,49,14,138,3,178,106,52,55,57,179,92,129,2,152,124,94,63,122,79,133,151,80,176,137,89,183,143,0,117,93,108,18,68,46,115,139,41,193,159,22,181,42,160,34,48,54,177,10,184,43,77,47,65,116,59,118,109,51,72,162,149,131,123,127,70,135,154,180,53,100,26,97,1,101,86,75,120,44,25,16,171,73070
140,93,117,0,143,183,89,23,137,51,176,80,94,124,148,9,62,102,144,14,49,178,106,52,55,57,92,78,145,179,185,40,119,165,39,27,90,81,31,113,175,171,16,44,120,2,75,86,101,1,152,97,26,100,121,63,122,79,151,133,180,53,154,135,70,127,123,162,59,149,131,35,84,112,4,10,177,54,34,160,48,184,43,65,116,5,42,181,146,22,18,108,159,193,41,139,115,198,46,68,72535
1,97,152,2,120,44,25,129,92,57,55,52,179,145,78,16,171,175,113,56,31,196,81,40,185,165,90,27,95,164,7,21,144,14,138,106,178,49,62,9,148,186,23,137,51,59,116,65,47,77,43,42,115,139,68,46,0,183,143,170,117,93,108,18,22,146,195,159,193,41,181,34,160,177,4,112,84,184,131,149,123,162,151,133,135,154,180,158,53,63,122,79,80,176,124,94,26,86,75,101,74518
162,151,133,79,63,80,176,137,183,89,62,144,14,106,178,49,9,148,124,94,152,2,129,57,92,145,179,55,52,185,40,165,39,95,164,27,90,81,196,31,56,113,175,171,16,78,25,44,82,120,75,86,101,1,97,26,100,121,136,53,158,180,154,135,70,127,123,149,131,65,116,43,35,112,84,184,177,54,160,34,181,42,41,193,159,146,22,18,69,108,68,140,93,117,143,0,46,139,115,59,73363
70,135,133,79,63,122,80,176,151,162,72,51,109,118,59,115,5,116,65,47,43,184,35,131,149,123,112,4,84,190,10,177,54,160,42,181,34,22,18,108,159,193,41,139,46,68,117,0,143,183,89,186,23,137,124,94,152,2,92,57,55,52,106,178,3,49,102,148,9,62,144,14,138,185,40,119,165,39,27,90,81,145,78,31,113,175,171,16,25,44,120,75,101,1,97,26,86,53,154,180,73883
143,183,89,137,15,144,14,21,7,164,95,27,90,165,119,40,185,145,78,31,56,113,175,171,16,25,44,120,2,129,92,57,52,106,178,49,62,9,148,94,152,97,1,101,75,86,26,100,121,53,158,180,154,135,70,127,123,112,4,84,190,10,177,54,30,34,146,22,181,160,48,184,35,131,149,65,116,59,72,151,162,133,79,63,80,176,51,118,46,115,96,5,43,42,41,193,139,68,117,0,73911
116,43,42,115,59,118,51,151,162,123,127,70,135,154,180,158,53,136,121,100,26,86,75,44,120,2,101,1,97,152,124,94,63,79,133,80,176,137,148,9,62,102,49,52,55,57,129,92,145,78,16,171,175,113,56,31,157,196,81,90,27,39,165,119,40,185,106,178,14,144,186,23,89,183,143,0,46,139,41,193,159,69,108,18,22,146,34,160,54,177,10,4,112,84,184,35,131,149,47,65,72532
40,90,27,39,165,119,185,55,52,106,178,3,14,144,49,102,62,9,148,186,23,89,183,143,117,0,46,139,68,93,140,108,69,18,22,146,159,193,41,115,118,59,149,65,116,43,42,181,34,160,184,177,10,4,112,123,162,127,70,135,154,180,53,86,75,101,1,97,26,100,121,63,79,133,151,51,137,176,80,94,124,152,2,129,92,57,179,145,78,120,44,25,16,171,175,113,56,31,81,196,72021
49,62,9,148,124,94,100,26,97,1,152,2,129,57,55,52,179,196,185,40,119,165,39,164,27,90,81,157,31,113,175,171,16,78,145,92,82,25,44,120,75,101,86,53,180,154,70,135,133,79,63,122,80,176,137,51,118,59,151,162,127,123,149,131,35,112,84,184,177,54,160,34,181,42,43,65,116,115,46,68,139,41,193,159,22,18,108,140,93,117,0,143,183,89,186,15,144,14,106,178,72590
184,10,177,54,160,34,146,22,18,108,69,199,159,193,41,139,46,68,117,0,143,183,89,23,137,186,15,62,9,37,148,124,94,152,2,129,92,57,55,52,106,178,3,138,14,49,102,155,144,21,7,164,90,165,185,119,40,81,196,31,56,113,175,171,16,78,145,25,44,120,75,86,101,1,97,26,100,53,180,154,135,127,123,162,151,133,79,63,80,176,51,118,59,115,42,116,65,149,131,43,72353
56,31,157,196,179,57,55,52,178,49,14,138,106,185,40,119,165,39,81,90,27,164,21,144,62,9,137,89,183,153,0,143,117,93,140,108,18,69,139,68,46,115,96,5,42,41,193,159,195,22,146,103,34,181,160,48,54,177,10,4,112,184,43,47,65,116,59,149,123,162,151,176,80,63,180,135,70,154,53,86,101,1,97,152,94,148,167,92,129,2,75,120,44,25,145,78,16,171,175,113,75941
52,106,178,3,138,164,7,21,14,144,102,49,167,148,9,62,89,183,137,176,80,51,59,151,79,63,133,162,149,131,47,65,116,43,42,5,115,139,108,18,22,159,193,41,181,146,34,160,54,177,10,184,84,112,123,127,70,135,154,180,158,53,86,100,26,97,94,124,152,1,101,75,2,129,82,120,44,25,16,171,175,113,56,31,157,38,78,145,92,57,179,91,196,81,90,165,119,40,185,55,75887
148,15,186,137,23,89,183,143,0,117,68,46,139,41,193,159,69,108,18,22,146,181,34,160,48,54,177,10,184,84,4,112,149,65,116,43,42,5,96,115,59,118,109,51,176,80,63,79,133,151,162,123,127,70,135,154,180,53,86,75,101,1,97,94,152,2,120,44,25,16,171,175,113,56,31,78,145,92,129,57,179,196,40,90,27,164,39,165,185,55,52,106,178,49,14,144,102,62,9,37,71807
84,4,112,123,127,70,135,154,180,133,79,122,63,53,86,101,1,97,152,2,120,16,171,175,113,56,31,81,196,145,78,92,57,55,52,185,40,119,90,27,164,7,95,39,165,106,178,3,138,14,49,144,62,9,15,148,167,124,94,80,176,137,183,143,0,117,93,108,69,18,22,146,181,42,159,193,41,139,46,115,118,109,51,151,162,72,59,149,65,116,43,184,48,160,34,30,54,177,10,190,75215
92,129,57,55,52,178,3,106,185,196,157,81,40,119,165,90,27,164,21,144,14,49,62,9,148,124,94,63,79,80,176,137,51,118,59,149,131,47,65,116,43,42,5,115,139,198,46,68,0,183,143,117,93,140,108,69,18,22,159,193,41,181,34,160,48,54,177,10,190,184,84,112,123,162,151,133,135,154,180,53,26,86,75,101,1,97,152,2,120,44,25,16,171,175,113,56,31,78,145,179,72331
154,70,135,162,151,133,79,80,176,122,63,182,121,100,26,101,1,97,152,94,124,148,137,51,59,115,5,42,43,116,65,47,131,149,123,127,112,4,84,184,10,177,54,48,160,34,181,146,22,18,108,69,159,193,41,139,68,46,0,143,183,89,186,15,9,62,144,49,14,138,165,27,90,81,40,185,106,178,52,55,57,92,179,145,78,31,113,175,171,16,25,44,120,129,2,75,86,53,158,180,72981
62,49,14,144,15,186,23,137,183,143,170,117,0,51,176,80,122,63,79,133,151,162,59,149,131,47,65,116,115,139,46,68,108,69,18,193,41,5,43,42,181,22,146,34,160,48,54,177,184,112,123,127,70,135,154,180,158,53,121,100,26,97,1,101,86,75,2,120,44,25,16,171,175,113,31,78,145,196,81,40,119,90,27,164,39,165,185,106,178,52,55,57,92,129,152,94,124,167,148,9,73715
14,138,3,178,106,52,55,185,40,119,165,39,95,7,164,58,27,90,81,196,157,31,56,113,175,171,16,25,44,120,92,78,145,179,57,129,2,152,97,1,101,75,86,53,180,154,135,70,127,123,162,149,131,47,65,116,43,184,190,10,177,54,160,34,181,42,41,193,159,22,18,117,143,0,139,115,59,118,51,176,80,151,133,79,63,94,124,167,148,137,23,183,89,186,114,15,9,62,144,49,73115
44,120,75,101,86,26,100,53,154,180,63,79,133,151,162,135,70,127,123,112,184,10,177,54,48,160,34,181,195,146,22,18,108,159,193,41,96,5,42,43,116,65,131,149,59,118,51,46,115,139,68,117,0,143,183,89,137,176,80,94,124,189,97,1,152,2,57,55,52,106,178,49,167,37,148,15,9,62,102,144,14,21,164,27,90,39,165,185,119,40,81,196,92,145,78,31,113,175,171,16,73720
16,78,145,25,44,120,129,2,75,86,101,1,152,97,26,100,121,53,154,180,133,162,135,70,127,123,112,84,184,10,177,54,34,160,43,42,41,193,159,22,18,69,108,93,117,143,0,46,68,139,115,118,59,116,65,131,149,72,151,51,176,80,79,122,63,94,124,137,23,183,89,186,148,9,62,102,49,178,106,52,55,57,92,185,40,165,138,14,144,21,7,164,90,81,196,157,31,113,175,171,72943
2,120,44,25,16,88,171,175,113,56,31,157,78,145,92,129,57,55,52,179,196,81,90,165,40,185,106,178,3,49,14,144,102,62,9,148,124,94,63,79,80,133,151,162,59,118,51,176,137,23,89,183,143,0,117,93,68,46,115,139,69,108,18,22,159,193,41,5,42,181,34,30,10,177,54,48,160,184,35,43,116,65,131,149,123,127,70,135,154,180,158,53,100,26,86,75,101,1,97,152,71696
196,81,157,31,56,113,175,171,16,78,145,25,44,82,129,92,57,55,52,106,178,3,14,49,62,9,148,94,152,2,120,75,101,1,97,86,53,180,154,135,162,151,133,79,63,80,176,137,51,118,59,115,43,116,65,47,131,149,123,127,112,4,190,10,177,54,184,160,34,181,42,41,193,159,22,18,108,140,68,139,46,0,117,170,143,183,89,23,186,144,21,7,164,27,90,165,119,40,185,179,73085
22,18,108,117,143,183,89,137,0,68,46,198,139,115,59,118,109,51,176,80,151,162,133,79,122,63,94,124,12,148,37,167,152,2,129,92,57,55,52,106,178,49,102,9,62,144,14,138,165,185,40,119,90,81,196,157,31,56,113,175,171,16,78,145,44,120,75,101,1,97,86,26,100,121,53,180,154,135,127,123,149,131,47,65,116,43,184,177,54,48,160,34,146,181,42,5,96,41,193,159,74145
52,55,185,138,21,7,164,95,27,90,165,119,40,81,196,157,31,56,113,175,171,16,78,145,179,57,92,129,82,25,44,120,2,152,97,1,101,75,86,100,26,124,94,63,53,158,180,154,135,70,127,112,123,162,151,133,79,80,176,51,118,59,65,116,43,149,35,84,184,54,160,42,181,34,22,18,108,159,193,41,139,115,46,68,93,117,0,143,183,89,137,148,9,62,144,14,102,49,178,106,72811
119,40,196,81,90,27,164,39,165,106,178,3,49,102,14,144,62,9,15,37,148,124,94,137,23,186,114,89,183,143,0,46,68,139,41,193,159,199,69,108,18,22,146,181,42,5,115,118,59,65,116,43,160,34,54,177,184,84,112,123,127,70,135,194,162,151,72,51,176,80,133,79,63,180,154,53,86,75,101,26,97,1,152,2,82,120,44,25,16,171,175,113,78,145,92,129,57,55,52,185,74236
123,162,151,133,79,80,122,63,136,182,189,94,124,148,62,144,49,14,138,165,119,40,90,81,196,157,31,113,175,171,16,44,120,129,57,92,78,145,179,185,106,3,178,52,55,167,152,2,75,86,101,1,97,26,100,121,53,158,180,154,135,70,127,112,131,149,47,65,116,43,5,41,193,159,181,42,184,54,160,34,22,18,69,108,68,139,115,198,46,0,117,143,183,89,23,137,176,51,118,59,75267
44,16,171,175,113,56,31,157,196,81,90,27,164,39,165,119,40,185,55,52,106,178,3,14,49,102,144,62,9,148,137,23,186,89,183,143,0,117,93,108,18,22,159,193,41,139,46,115,59,149,131,65,116,43,42,181,34,160,48,54,177,10,190,184,84,112,123,127,70,135,162,118,51,176,80,151,133,79,122,124,94,63,180,154,53,100,26,97,152,1,101,86,75,2,129,57,92,145,78,120,71654
149,59,118,151,162,123,127,112,84,184,10,177,54,160,34,181,146,22,18,108,159,193,41,139,68,36,140,93,117,0,170,143,183,89,186,23,137,148,9,62,102,49,144,14,178,106,185,40,165,39,95,164,27,90,81,196,31,113,175,171,16,44,120,25,78,145,52,55,57,92,129,2,1,101,75,86,100,26,97,152,94,53,154,135,180,63,79,133,80,176,51,46,198,115,42,43,116,65,47,131,73062
116,65,149,59,118,51,151,162,133,176,80,79,63,94,148,15,62,9,37,167,92,57,55,52,106,178,3,49,102,144,155,14,138,21,164,27,90,165,185,40,81,196,31,113,175,171,16,78,145,25,44,120,82,129,2,152,1,97,26,100,101,75,86,53,180,154,135,127,123,112,84,184,10,177,54,34,22,159,193,41,139,69,18,108,140,93,117,143,183,89,0,68,46,198,115,5,181,160,42,43,74636
15,186,23,89,183,143,117,0,137,176,51,118,59,115,46,139,41,193,22,146,181,34,160,54,184,84,112,43,42,5,116,65,123,162,151,133,79,80,122,63,180,135,70,154,53,86,75,101,1,97,26,100,121,94,124,152,2,129,57,92,82,120,44,25,16,171,175,113,56,31,78,145,179,91,38,157,196,81,40,119,185,165,39,90,27,164,21,178,106,52,55,167,148,37,9,62,102,49,14,144,75712
65,131,149,59,118,115,46,0,183,89,137,176,80,79,63,94,100,26,97,152,2,129,57,55,52,106,178,167,148,15,9,62,102,49,14,144,21,164,27,90,39,165,8,185,119,40,169,187,81,196,157,56,113,175,171,16,31,78,145,179,92,44,120,75,1,101,86,53,180,154,135,133,151,162,123,127,112,84,184,177,54,160,34,181,146,22,159,199,18,69,108,140,93,68,139,193,41,42,43,116,75262
85,31,38,157,196,91,179,145,78,92,57,55,52,178,3,106,185,8,165,119,40,169,81,90,27,39,138,14,49,102,144,62,9,15,148,167,124,94,63,79,133,80,176,137,23,186,89,183,143,0,139,193,41,115,116,65,59,118,51,151,162,149,131,43,42,181,34,160,184,54,177,10,190,4,112,123,127,135,154,180,53,100,26,86,75,101,1,97,152,2,129,82,120,44,25,16,171,175,113,56,75945
112,123,127,194,162,151,133,135,70,154,180,53,86,75,2,120,44,16,171,175,113,31,78,145,179,185,40,165,39,90,27,95,164,7,21,138,14,144,62,9,148,102,49,3,178,106,52,55,57,92,129,152,97,1,101,26,100,121,124,94,63,122,79,80,176,51,59,118,137,89,183,143,0,46,198,115,139,68,140,108,69,18,193,41,96,5,42,181,159,22,146,34,160,43,116,65,149,131,35,184,75104
92,78,16,171,175,113,31,145,179,196,81,40,119,90,27,164,39,165,185,55,52,106,178,3,49,14,144,102,62,9,15,148,167,152,97,94,137,23,186,89,183,143,0,46,117,93,140,108,18,69,68,139,115,116,65,149,43,42,41,193,159,22,34,160,184,54,177,10,190,4,112,127,123,162,133,151,59,118,109,51,176,80,79,63,180,154,135,70,53,26,86,75,101,1,2,120,44,25,129,57,73159
186,89,183,137,176,51,118,59,115,139,68,46,0,143,117,93,140,108,18,22,146,195,159,193,41,5,116,65,47,149,131,43,42,181,34,160,184,48,54,30,177,10,4,112,123,135,162,151,133,79,80,124,94,63,180,154,53,86,75,101,1,100,26,97,152,2,120,44,25,16,171,175,113,56,31,78,145,196,81,90,165,119,40,185,179,92,82,129,57,55,52,106,178,49,14,144,62,9,148,15,72029
154,180,79,63,53,86,75,120,44,16,171,175,113,31,78,145,92,57,129,2,152,1,101,97,26,100,94,124,148,37,9,62,102,49,178,106,52,55,185,40,81,90,165,14,144,15,137,23,89,183,143,170,0,117,93,140,108,69,18,22,146,103,34,181,160,48,54,177,10,4,112,84,184,131,149,47,65,116,105,43,42,5,96,41,193,159,139,68,46,198,115,59,51,176,80,133,151,162,123,135,73752
14,144,73,114,89,183,153,143,117,93,108,18,22,146,103,34,160,54,177,184,84,112,123,127,135,154,180,158,53,100,26,97,1,101,86,75,2,152,124,94,63,122,79,133,162,151,80,176,51,59,65,116,43,5,42,181,159,193,41,139,115,46,68,0,137,23,186,15,148,167,37,9,62,102,49,178,106,52,55,57,92,129,82,120,44,25,16,171,175,113,78,145,179,185,40,119,165,90,164,21,74709
62,102,144,14,49,178,106,165,39,27,90,187,81,40,119,185,52,55,57,92,145,179,196,31,56,113,175,171,16,78,25,44,120,129,2,75,86,101,1,97,152,124,94,189,26,100,121,53,158,180,154,135,70,127,123,162,151,133,79,63,80,176,51,118,59,116,65,149,131,112,4,177,54,184,43,42,160,34,41,193,159,22,18,108,140,93,68,139,115,198,46,0,183,89,23,137,186,15,148,9,73523
46,68,139,115,42,43,116,47,65,59,118,109,51,176,137,23,183,89,186,148,9,62,144,102,49,14,138,3,178,106,52,55,185,40,119,165,27,90,81,145,78,31,113,175,171,16,44,120,92,57,129,2,152,97,1,101,75,86,26,100,53,94,124,80,79,63,180,154,70,135,133,151,162,149,131,123,194,127,112,35,84,4,190,10,177,54,184,160,34,146,22,159,181,41,193,18,108,117,143,0,73616
116,47,65,59,118,109,51,176,80,151,162,133,79,63,94,124,148,137,183,89,9,62,144,14,102,49,178,106,165,39,95,7,164,27,90,81,196,40,119,185,52,55,57,179,145,78,31,113,175,171,16,44,120,92,129,2,152,97,1,101,75,86,26,100,121,53,180,154,135,123,149,131,112,4,10,177,184,43,42,181,160,34,103,146,195,159,22,18,108,140,93,117,143,0,46,68,139,193,41,115,73761
139,115,43,42,181,41,193,159,22,146,34,160,184,177,4,112,35,116,65,149,123,127,70,135,154,180,63,79,133,151,162,59,118,51,176,80,94,124,152,97,26,100,121,53,86,75,101,1,2,129,92,57,55,52,178,106,145,78,25,120,44,16,171,175,113,56,31,157,196,81,90,27,119,40,185,165,14,144,49,102,62,9,148,137,23,186,89,183,143,0,117,93,140,36,108,18,69,163,68,46,72821
7,164,27,90,165,40,185,3,178,106,52,55,57,179,196,81,31,56,113,175,171,16,78,145,92,129,44,120,75,101,1,2,152,97,86,26,100,121,53,158,154,70,135,180,63,79,133,151,162,123,112,84,184,177,54,160,181,34,103,146,22,195,159,18,108,140,68,139,193,41,96,5,42,43,116,65,59,115,46,0,143,183,89,137,176,80,122,94,124,111,167,148,15,9,62,102,49,14,144,21,74103
93,68,46,139,41,193,159,22,146,181,34,160,54,177,184,43,65,116,42,5,96,115,59,118,51,151,162,149,123,127,70,135,154,180,158,53,136,182,121,100,26,97,152,1,101,86,75,2,120,44,25,16,171,175,113,56,31,78,145,92,129,57,55,52,178,106,185,119,40,196,81,90,27,165,138,14,21,144,49,102,62,9,148,167,124,94,63,122,79,133,80,176,137,23,186,89,183,143,0,117,72680
16,171,175,113,56,81,196,179,145,92,57,55,52,185,40,119,90,165,106,178,3,167,148,37,9,62,102,49,138,14,144,15,186,137,23,89,183,143,117,0,46,115,139,41,193,159,22,34,160,54,177,184,84,112,123,127,70,135,194,133,151,162,149,65,43,42,116,59,51,176,80,79,122,63,94,124,19,189,121,136,53,180,154,158,86,75,101,100,26,97,1,152,2,129,82,120,44,25,78,31,75136
53,158,180,154,135,70,127,123,112,4,190,10,177,54,48,184,43,116,65,131,149,59,115,96,5,42,181,160,34,22,18,108,69,159,193,41,139,68,46,0,143,183,89,186,23,137,176,51,118,151,162,133,79,80,94,124,148,9,62,102,144,14,138,49,178,106,52,55,185,40,119,165,27,90,81,196,145,78,31,113,175,171,16,44,120,92,129,2,75,86,100,26,101,1,97,152,189,121,182,63,73308
115,198,46,68,117,0,143,183,89,23,137,15,62,9,148,167,152,2,82,129,92,145,179,57,55,52,106,178,3,49,144,14,138,185,40,119,165,27,90,81,196,157,31,56,113,175,171,16,78,25,44,120,75,101,1,97,26,100,86,53,121,124,94,63,79,80,176,51,118,59,72,151,162,133,180,154,135,70,127,123,112,4,10,177,54,48,34,160,184,84,35,149,65,116,43,42,22,193,41,139,73276
9,148,167,124,94,63,79,80,176,133,151,162,123,43,42,116,47,65,59,118,51,137,23,186,15,114,89,183,143,0,46,198,115,41,193,159,139,68,117,93,140,108,69,18,22,146,34,160,184,54,177,4,112,127,70,135,154,180,53,121,100,26,86,75,101,1,97,152,2,129,57,92,120,44,25,16,171,175,113,31,78,145,196,81,90,119,40,185,165,164,21,14,178,106,52,55,49,102,144,62,72958
81,31,113,175,171,16,78,145,44,120,75,101,86,100,53,158,180,154,135,133,151,162,149,123,127,112,84,35,131,65,116,43,5,42,181,160,184,190,10,177,30,54,48,34,146,22,18,108,69,159,193,41,139,115,46,0,117,143,183,137,118,59,51,176,80,79,63,94,124,26,97,1,152,2,129,92,57,40,185,106,178,52,55,167,148,15,9,62,144,102,49,3,138,14,21,164,39,165,27,90,74893
97,86,53,158,180,154,135,127,123,184,177,54,48,160,42,43,116,65,47,131,149,162,133,79,63,122,80,176,151,51,118,59,115,41,181,34,103,146,22,18,108,69,199,159,193,139,46,0,117,143,183,89,23,137,186,114,15,148,9,62,102,144,14,138,49,178,106,165,39,27,90,81,196,40,119,185,52,55,124,94,152,2,129,92,57,179,145,31,56,113,175,171,16,78,25,44,120,75,101,1,74023
75,120,44,25,16,171,175,113,56,31,157,196,81,40,119,185,165,90,164,21,14,144,102,62,9,148,49,178,106,52,55,57,92,179,145,78,129,2,152,1,97,26,100,94,63,79,133,80,176,137,23,186,89,183,143,170,117,0,46,198,115,5,42,41,193,139,68,93,140,108,18,159,22,146,181,34,54,177,184,48,160,43,116,65,47,131,149,59,118,109,51,151,162,123,135,154,180,53,86,101,72952
165,3,178,106,52,55,57,185,119,40,81,196,91,179,145,78,157,31,56,113,175,171,88,16,25,44,120,82,92,129,2,75,101,1,152,97,26,100,86,53,158,180,154,70,135,133,151,162,123,149,65,116,43,42,160,34,181,195,146,22,18,108,159,193,41,139,115,59,118,51,46,68,140,93,117,143,183,89,186,23,137,176,80,79,122,63,94,124,148,15,9,62,102,49,14,144,21,164,90,27,74871
101,1,97,152,2,120,44,25,16,171,175,113,31,78,145,92,129,57,55,52,185,119,40,196,81,90,27,164,39,165,138,3,106,178,49,14,144,62,9,148,137,23,186,89,183,153,0,143,117,68,46,115,139,41,193,159,69,108,18,22,146,181,34,160,54,177,10,190,184,84,112,123,149,131,47,43,42,5,116,65,59,118,51,176,80,79,133,151,162,135,154,180,53,63,94,124,26,100,86,75,71904
92,57,179,196,81,90,165,119,40,185,55,52,106,178,3,14,95,164,7,21,144,102,49,167,148,37,9,62,15,114,186,23,89,183,143,137,176,80,79,133,162,151,51,59,115,139,46,68,18,22,146,181,159,193,41,42,116,65,149,43,160,34,54,177,184,112,123,127,70,135,154,180,158,53,121,63,122,12,124,94,189,152,1,97,26,100,86,101,75,2,129,120,44,16,171,175,113,31,78,145,75181
18,22,146,159,193,41,42,181,34,30,54,48,160,184,177,10,190,4,112,126,84,35,131,149,47,65,116,43,5,115,118,59,123,127,70,135,154,180,53,26,97,1,152,2,101,86,75,120,44,25,78,16,171,175,113,31,145,92,129,57,55,52,178,3,106,185,40,90,165,138,14,144,49,102,62,9,15,148,167,124,94,63,79,80,176,133,162,151,51,137,23,186,89,183,143,117,0,46,139,108,72989
57,129,92,78,145,196,31,113,175,171,16,25,44,120,82,2,75,86,101,1,97,152,167,37,148,124,94,121,26,100,53,154,70,135,180,63,79,80,176,51,151,133,162,123,149,59,65,116,43,184,54,34,160,42,41,193,159,146,22,18,108,139,115,46,68,140,93,117,143,0,153,183,89,23,137,186,114,15,9,62,144,21,7,164,27,90,39,165,119,40,185,106,3,138,14,102,49,178,52,55,73815
154,135,70,127,123,112,84,184,54,160,34,146,22,159,41,193,18,108,140,93,68,139,115,42,43,116,65,47,131,149,59,118,46,0,183,137,176,80,51,151,162,133,79,63,94,124,152,97,1,2,129,92,57,55,52,167,148,9,62,144,102,49,14,21,138,3,178,106,185,40,119,165,27,90,81,196,157,56,113,175,171,16,31,179,145,78,25,44,120,75,101,86,26,100,121,182,136,53,158,180,74539
65,116,43,42,5,96,41,193,115,198,139,68,46,0,153,143,170,117,93,108,69,18,199,159,22,146,181,34,160,54,177,184,112,123,127,70,135,154,53,180,162,151,133,80,79,63,94,152,97,1,101,75,2,129,92,57,179,145,78,120,44,25,16,171,175,113,31,157,196,81,90,27,39,165,40,185,55,52,106,178,3,14,49,102,144,62,9,37,148,15,186,23,89,183,137,176,51,109,118,59,73520
63,53,180,154,135,70,127,123,162,149,131,47,65,116,43,5,42,181,184,84,112,4,190,10,177,54,160,34,146,22,18,108,69,159,193,41,139,198,68,46,115,118,59,151,133,79,80,176,137,0,117,143,183,89,23,186,148,9,62,102,49,144,14,138,3,178,106,52,55,57,185,40,165,90,81,196,91,179,145,78,157,31,56,113,175,171,16,25,44,120,92,129,2,75,86,101,1,97,152,94,72397
92,78,145,179,55,52,167,148,137,23,183,89,186,15,9,62,102,49,144,14,138,3,178,106,8,165,39,164,27,90,119,40,185,81,196,157,31,56,113,175,171,16,25,44,120,75,86,101,1,97,26,100,121,53,180,154,135,127,112,184,43,42,160,34,181,41,139,193,159,22,18,69,108,93,117,143,0,46,115,118,51,59,116,65,47,131,149,123,151,133,176,80,79,63,94,124,152,2,129,57,74722
127,123,112,84,184,190,10,177,54,160,34,181,42,5,41,193,159,195,146,22,18,139,68,46,115,116,43,77,131,149,47,65,59,118,51,176,80,79,63,94,124,97,1,152,167,37,148,137,23,183,89,186,15,9,62,102,49,144,14,178,106,185,40,119,165,39,164,27,90,81,157,196,52,55,57,92,145,78,31,113,175,171,16,25,44,120,129,2,75,101,86,26,100,53,154,180,133,151,162,135,74382
68,139,69,108,18,22,159,193,41,42,181,34,160,54,177,184,112,127,70,135,154,180,158,53,63,94,124,121,100,26,86,75,101,1,97,152,74,2,129,57,92,145,78,82,120,44,25,16,171,175,113,56,31,196,81,90,27,164,95,39,165,119,40,185,55,52,106,178,49,14,144,102,62,9,148,15,114,186,23,89,183,143,117,0,137,51,151,176,80,79,133,162,123,149,43,116,65,59,115,46,72964
116,65,47,43,42,184,10,177,54,160,34,146,22,195,181,41,115,46,68,139,193,159,18,108,140,93,117,0,170,143,183,89,23,137,148,9,62,102,49,144,14,178,106,52,55,57,129,92,145,179,185,40,165,39,27,90,31,113,175,171,16,78,44,120,2,152,97,1,101,75,86,26,100,53,158,154,180,121,189,124,94,63,79,80,176,51,151,133,135,70,127,112,84,35,131,149,123,162,59,118,73674
102,49,144,14,3,178,106,185,40,165,39,95,7,164,90,81,145,31,56,113,175,171,16,44,120,25,78,92,57,52,55,129,2,75,86,101,1,152,97,26,100,121,53,180,154,135,70,127,123,112,184,10,177,54,48,160,34,146,22,18,108,139,41,193,159,181,42,43,116,65,149,59,72,151,162,133,79,63,94,122,80,176,51,118,115,46,0,143,183,89,23,137,186,15,148,124,167,37,62,9,73667
65,149,131,112,127,123,162,151,133,80,79,63,180,154,135,70,158,53,86,75,101,100,26,97,1,152,2,129,92,179,145,78,120,44,25,16,171,175,113,56,31,157,196,81,90,27,164,39,165,119,40,185,57,55,52,106,178,14,144,49,102,62,9,148,124,94,137,176,51,109,118,59,46,0,143,117,108,69,18,199,22,146,103,34,54,177,184,160,181,195,159,193,41,139,115,96,5,42,43,116,74048
31,157,196,81,90,165,119,40,185,55,52,106,178,49,14,144,102,62,9,37,167,111,148,15,186,23,137,176,51,109,118,59,115,41,193,139,46,0,183,143,117,108,18,159,22,146,34,54,177,4,112,84,184,160,42,43,116,65,149,131,35,123,127,70,135,154,180,158,53,63,79,133,162,151,80,122,94,124,152,1,97,26,100,86,101,75,2,120,44,25,129,57,92,145,78,16,171,175,56,113,73571
62,9,148,137,23,186,89,183,143,117,93,140,108,69,18,193,41,159,22,146,34,54,177,10,4,112,84,35,184,160,181,42,5,43,116,65,47,131,149,59,115,198,139,68,46,118,109,51,176,80,79,133,151,162,123,127,135,154,180,158,53,63,94,124,189,121,100,26,97,152,1,101,86,75,2,120,44,25,16,171,175,113,56,31,78,145,92,57,55,52,178,106,185,40,90,165,14,144,49,102,72703
149,131,112,84,35,184,10,177,54,160,43,116,42,5,41,181,34,146,22,159,193,139,115,46,0,117,143,183,89,186,23,137,176,80,94,124,167,148,9,62,144,102,49,14,3,178,106,52,55,57,129,92,179,185,40,119,165,39,95,7,164,58,27,90,81,196,157,31,85,56,113,175,171,16,78,145,25,44,120,2,152,97,1,101,75,86,26,100,53,154,135,70,127,123,180,63,133,151,59,65,74332
129,92,57,55,52,106,178,3,49,14,21,7,164,95,27,90,165,40,185,179,145,78,31,113,175,171,16,25,44,120,75,86,26,100,121,94,124,80,133,79,63,182,136,53,158,180,154,70,135,151,162,123,127,112,4,84,35,131,149,47,65,116,43,184,177,54,160,34,22,18,108,159,181,42,5,41,193,139,117,143,183,89,0,46,115,59,51,176,137,15,144,102,62,9,148,152,97,1,101,2,75004
113,175,171,16,25,44,120,75,86,53,158,154,70,127,112,4,177,184,84,35,131,149,72,118,59,65,116,105,47,77,43,160,48,54,34,181,42,5,41,193,159,22,18,108,139,115,46,0,117,143,183,89,186,23,137,176,51,109,151,162,123,194,135,180,63,79,133,80,94,26,101,1,97,152,2,57,55,52,106,178,49,102,62,9,37,148,15,144,14,21,164,90,165,119,40,185,92,145,78,31,75814
112,84,184,160,34,146,22,159,193,41,181,42,5,96,139,69,18,108,117,143,0,46,115,59,118,51,151,162,133,79,80,176,137,183,89,186,15,148,9,62,144,14,21,7,164,90,165,185,119,40,81,196,157,56,113,175,171,16,31,179,106,178,49,52,55,57,129,92,145,78,25,44,120,2,152,97,1,101,75,86,100,26,124,94,63,53,180,154,70,135,194,127,123,149,131,47,65,116,43,35,74050
38,31,56,113,175,171,16,25,44,120,82,2,129,57,55,52,106,178,3,49,102,62,9,148,137,176,80,151,162,133,79,63,94,124,152,97,1,101,75,86,26,53,180,154,135,127,123,149,65,116,43,184,84,112,4,177,54,48,160,34,146,22,18,108,159,193,41,181,42,59,118,115,139,46,68,117,0,143,183,89,144,14,21,7,164,27,90,39,165,119,40,185,92,78,145,179,91,196,81,157,73813
92,145,78,38,157,31,85,56,113,175,171,88,16,25,44,120,82,129,57,55,52,185,40,119,165,106,178,3,14,49,62,9,37,148,167,2,75,101,86,100,26,97,1,152,124,94,189,121,53,158,180,154,135,70,127,162,151,133,79,63,80,176,59,65,116,115,42,43,131,149,123,112,184,54,160,34,181,159,146,22,18,193,41,139,46,0,117,143,183,89,137,15,144,21,164,27,90,81,196,179,76707
86,75,101,1,97,152,2,120,44,16,171,175,113,31,78,145,92,129,57,55,52,178,106,185,40,81,90,27,58,164,7,95,39,165,138,14,144,49,102,62,9,148,137,89,183,143,170,0,117,93,140,68,46,139,69,108,18,199,22,146,34,181,159,193,41,115,5,42,43,184,160,54,30,177,10,190,4,112,127,135,123,65,116,59,162,151,133,176,80,79,63,180,154,158,53,121,94,124,100,26,74012
94,97,1,101,26,86,75,2,152,167,52,55,57,179,92,129,82,120,44,25,145,78,16,88,171,175,113,56,31,157,196,81,90,27,165,119,40,185,106,178,49,14,144,62,9,148,137,23,89,183,143,117,93,108,18,159,195,22,146,34,181,193,41,115,139,68,46,118,59,151,162,123,149,131,47,65,116,43,5,42,160,48,54,177,10,190,184,84,112,127,70,135,154,180,53,63,79,133,80,176,73618
52,55,57,92,2,152,97,1,101,26,100,121,94,63,79,133,151,162,59,118,51,80,176,137,183,143,0,117,93,140,68,46,198,139,110,191,115,5,41,193,159,108,18,22,195,146,103,34,54,177,4,112,184,48,160,181,42,43,116,65,47,131,149,123,127,135,154,180,53,86,75,120,44,25,16,171,175,113,31,78,145,196,81,40,119,185,165,39,90,27,164,7,21,14,144,62,9,49,178,106,74336
159,195,22,146,34,48,54,177,4,112,84,35,184,160,181,42,43,116,65,47,131,149,123,127,194,135,70,154,180,53,100,26,97,1,101,86,75,120,44,16,171,175,113,31,196,185,40,90,27,164,39,165,14,144,62,9,15,148,49,3,178,106,52,55,179,145,78,92,57,129,2,152,94,63,79,133,162,151,80,176,137,23,186,114,89,183,51,59,115,46,68,0,143,117,108,18,69,139,193,41,73897
80,176,137,23,89,183,143,0,117,108,18,22,34,48,54,30,177,10,4,112,184,160,181,159,193,41,139,68,46,115,42,43,116,65,47,131,149,59,118,109,51,72,151,133,162,123,127,70,135,154,180,158,53,136,121,100,26,97,152,1,101,86,75,2,120,44,25,16,171,175,113,56,31,78,145,92,129,57,55,52,185,40,196,81,90,165,106,178,49,14,144,62,9,148,124,94,19,189,63,79,72710
70,135,133,151,162,123,112,184,10,177,54,48,160,34,22,18,108,159,193,41,181,42,43,116,65,149,59,118,115,139,46,0,143,183,89,23,137,51,176,80,79,63,180,53,136,182,121,189,19,94,124,167,148,15,9,62,144,102,49,14,3,178,106,52,55,57,129,92,179,185,40,119,165,39,95,164,27,90,81,31,113,175,171,16,78,145,25,44,120,2,152,1,97,26,100,101,75,86,158,154,74166
51,137,23,89,183,143,117,0,46,68,139,115,41,193,159,5,42,116,65,47,43,184,181,22,146,34,160,48,54,177,10,4,112,131,149,59,151,79,133,162,123,127,70,135,154,180,63,53,121,100,26,86,75,101,1,97,152,2,120,44,25,129,92,57,179,145,78,16,171,175,113,56,85,31,157,196,81,90,27,39,165,8,119,40,185,55,52,106,178,3,49,102,14,144,62,148,124,94,176,80,73914
25,145,78,16,171,175,113,31,196,81,40,119,185,165,90,164,7,21,144,102,49,14,3,178,106,52,55,57,92,129,2,152,1,97,26,100,121,189,167,62,9,148,124,94,63,122,79,133,80,176,137,23,186,89,183,143,0,117,93,140,108,69,18,22,34,160,54,177,112,123,149,131,47,65,116,35,184,43,42,159,193,41,139,46,115,59,118,51,151,162,135,70,154,180,53,86,101,75,120,44,73184
138,14,144,15,137,23,89,183,153,0,143,117,93,108,18,22,146,34,160,54,184,65,116,43,42,181,159,193,41,139,68,46,115,118,59,149,131,123,127,70,135,162,72,51,176,80,151,133,79,63,180,154,158,53,136,121,100,86,75,120,44,25,16,171,175,113,31,78,145,179,196,81,90,27,39,165,119,40,185,106,178,52,55,57,92,129,2,152,1,101,97,26,189,94,124,148,9,62,102,49,73137
46,109,51,72,118,59,116,43,105,65,47,131,149,123,127,70,135,154,180,53,121,100,26,86,97,1,101,75,120,145,78,16,171,175,113,31,196,185,40,90,27,164,95,39,165,14,144,62,9,49,178,106,52,55,57,92,2,152,148,124,94,63,79,133,162,151,80,176,137,89,183,143,170,0,117,93,140,68,139,193,159,22,146,103,34,160,48,54,30,177,10,4,112,84,35,184,42,181,41,115,75476
27,164,21,144,14,178,106,52,55,49,102,62,9,148,137,89,183,143,18,22,146,159,193,41,139,46,115,5,42,43,35,84,184,160,181,34,54,177,10,4,112,127,70,135,194,161,162,123,24,149,131,47,65,116,59,118,51,176,80,151,133,79,122,63,94,124,121,136,180,154,158,53,100,26,86,75,101,1,97,152,2,129,57,92,120,16,171,175,113,31,78,145,196,81,40,119,185,165,39,90,76697
176,137,23,186,148,9,62,144,102,49,14,138,165,39,95,164,27,90,81,196,40,185,106,178,52,55,57,129,92,179,157,38,31,56,113,175,171,16,78,145,25,44,120,75,101,86,53,121,100,26,97,1,152,94,63,180,154,135,127,123,149,131,65,116,43,42,184,84,190,10,177,30,54,48,160,34,146,22,181,41,193,159,199,18,69,108,117,143,183,0,46,68,139,115,59,162,151,133,79,80,74208
47,65,116,118,59,149,131,184,177,10,4,112,123,162,151,133,80,176,124,94,63,79,135,70,154,180,158,53,121,100,26,86,75,101,1,97,152,2,120,44,25,16,171,175,113,31,78,145,92,129,57,167,148,55,52,178,106,185,40,119,165,39,90,27,164,7,21,144,14,49,102,62,9,15,137,89,183,143,117,0,46,115,139,41,193,159,199,69,108,18,22,195,146,103,34,54,160,181,42,43,73807
44,25,16,171,175,113,56,85,31,38,157,196,81,90,27,164,95,39,165,119,40,185,14,144,62,9,148,49,3,178,106,52,55,57,129,92,179,145,78,120,2,152,94,63,79,80,176,133,162,151,51,118,59,115,46,0,183,143,117,68,139,193,41,5,42,181,159,199,69,108,18,22,146,34,160,48,54,30,177,10,4,112,84,184,43,116,65,131,149,123,127,135,154,180,53,86,97,1,101,75,74456
48,160,184,177,10,190,84,4,112,123,127,70,135,154,180,133,80,79,63,94,152,97,26,100,53,86,75,101,1,2,120,44,25,16,171,175,113,31,78,145,92,57,52,178,106,165,40,185,196,81,90,27,164,7,21,138,14,144,49,102,62,9,37,148,15,186,23,89,183,137,176,51,151,162,149,131,43,116,65,59,118,115,46,139,41,193,159,199,69,108,18,22,146,195,5,42,181,34,30,54,73565
90,27,164,7,21,138,14,144,62,9,49,3,178,106,52,55,167,148,15,186,89,183,23,137,176,80,51,118,59,115,139,68,46,0,143,117,108,18,22,146,34,54,177,4,112,84,184,160,181,159,193,41,42,116,65,149,123,162,151,133,79,122,63,180,154,135,70,158,53,121,100,26,189,94,124,152,97,1,101,86,75,2,120,129,57,92,145,78,44,16,171,175,113,56,31,196,185,40,119,165,73578
144,15,148,9,62,102,49,178,106,52,92,129,2,1,97,152,124,94,63,79,133,80,176,51,151,162,59,149,131,77,47,65,116,43,42,181,5,115,46,0,137,23,89,183,143,117,93,140,108,18,69,163,68,139,41,193,159,22,146,34,160,54,177,184,84,112,123,127,70,135,154,180,53,121,100,26,86,101,75,120,44,16,171,175,113,31,78,145,196,81,40,185,165,39,90,27,164,7,21,14,73857
79,133,151,162,123,127,112,4,84,190,10,177,54,34,22,18,108,93,117,143,183,89,144,62,148,137,0,46,68,139,115,43,42,5,41,193,159,181,160,184,149,65,116,59,118,72,109,51,176,80,12,124,94,189,152,2,129,92,57,55,52,106,178,49,102,14,138,165,90,40,185,179,145,78,196,81,157,31,56,113,175,171,16,44,120,75,101,1,97,26,100,86,53,158,70,135,154,180,63,122,75369
18,69,108,36,140,93,117,0,143,183,89,23,137,176,80,133,79,122,63,94,148,62,144,14,49,178,106,52,55,185,40,165,27,90,81,145,92,57,129,78,31,113,175,171,16,44,120,75,86,101,1,2,152,97,26,100,53,158,180,154,70,135,194,127,123,131,149,162,151,51,109,118,59,115,198,46,68,139,41,193,181,42,43,116,65,35,84,112,4,190,10,177,30,54,184,160,34,146,22,159,73244
185,14,144,102,49,178,106,52,55,57,92,129,2,152,1,97,189,124,94,121,182,63,122,80,79,133,162,151,72,51,176,137,148,37,9,62,15,114,186,23,89,183,143,170,0,117,93,140,108,18,22,159,193,41,181,34,160,42,5,115,139,68,46,118,59,65,47,116,43,149,131,184,112,123,127,70,135,154,180,53,100,26,86,101,75,120,44,145,78,16,171,175,113,90,27,164,39,165,40,119,75811
21,138,14,155,144,49,102,62,9,137,89,183,143,0,117,93,108,18,22,146,159,193,41,139,68,46,115,42,181,34,160,54,177,184,43,116,65,47,131,149,59,118,51,176,80,63,79,133,151,162,123,135,154,180,53,86,26,97,1,101,75,120,44,25,92,57,129,2,152,94,124,148,167,128,3,178,106,52,55,179,145,78,16,88,171,175,113,56,31,38,157,196,81,40,119,185,165,90,27,164,75032
52,106,178,3,138,14,144,49,102,62,9,148,124,94,137,23,186,89,183,143,0,117,108,69,18,193,41,139,68,46,115,118,59,65,116,5,42,181,22,146,34,54,177,10,4,112,84,35,184,48,160,43,131,149,123,127,70,135,162,133,151,51,176,80,79,63,180,154,53,86,75,101,26,97,1,152,2,120,44,25,78,31,16,171,175,113,81,90,27,39,165,119,40,185,179,145,92,129,57,55,72249
151,162,123,127,194,135,70,154,180,53,100,121,182,136,63,94,124,152,97,26,1,101,86,75,2,120,44,25,16,171,175,113,31,78,145,92,129,57,55,52,185,40,196,81,90,27,39,165,106,178,3,49,102,14,144,62,148,137,23,89,183,143,0,117,108,18,22,146,34,160,48,54,177,10,184,84,4,112,131,149,47,65,116,43,5,42,181,159,193,41,139,46,115,59,118,51,176,80,79,133,72478
59,116,65,47,43,42,5,115,46,139,41,193,159,18,22,146,103,34,181,160,48,54,177,10,4,112,84,184,35,131,149,123,127,70,135,154,180,53,121,63,122,94,124,152,2,1,97,26,100,86,101,75,120,44,25,16,171,175,113,56,31,78,145,92,129,57,55,52,185,40,90,27,164,7,95,39,165,106,178,3,49,14,144,62,9,148,15,186,89,183,23,137,176,80,79,133,162,151,51,118,72813
65,116,43,160,48,184,10,177,54,30,34,146,22,18,69,108,68,46,115,139,193,41,42,59,118,72,151,133,79,63,80,176,51,0,143,183,89,186,23,137,94,124,167,148,9,62,102,144,14,49,3,178,106,52,55,185,40,119,165,39,164,27,90,81,196,179,57,129,92,145,78,31,113,175,171,16,25,44,120,2,152,97,1,101,75,86,26,53,158,180,154,70,135,194,162,123,127,112,131,149,73401
119,40,185,55,52,106,178,3,138,14,144,49,102,62,9,148,167,152,97,94,63,79,80,133,162,151,51,176,137,23,89,183,143,117,0,46,68,93,140,108,69,18,159,22,146,181,193,41,139,198,115,118,59,149,131,47,65,116,43,42,160,34,54,177,184,84,112,123,127,135,154,180,158,53,86,75,101,1,2,120,44,25,16,171,175,113,56,31,78,82,129,92,57,179,145,196,81,90,165,39,72549
108,68,46,118,59,162,151,133,79,63,80,176,51,137,183,89,144,14,138,165,90,119,40,185,55,52,106,178,3,49,62,9,148,124,94,152,129,92,57,179,145,196,81,113,175,171,16,31,78,44,120,2,75,1,97,26,100,101,86,53,158,180,154,135,70,127,123,149,131,35,184,84,112,4,190,10,177,104,54,30,48,34,160,42,43,77,47,65,116,115,139,41,193,159,181,195,146,22,69,18,75271
129,44,120,2,1,97,101,75,86,26,100,121,53,158,180,154,135,70,127,123,162,149,65,116,43,42,181,160,48,184,10,177,54,34,146,22,159,41,193,18,108,68,46,139,115,59,118,51,176,80,151,133,79,122,63,189,152,94,124,137,23,183,89,186,148,9,62,102,49,14,144,21,164,27,90,39,165,119,40,81,196,157,31,56,113,175,171,16,25,78,145,179,185,106,3,178,52,55,57,92,73699
38,157,81,196,179,145,78,92,57,55,52,178,3,106,185,40,165,90,27,164,7,21,144,14,49,102,62,9,15,148,167,124,94,63,79,133,162,151,51,80,176,137,89,183,143,0,117,108,69,18,22,146,181,42,41,193,139,46,115,118,59,149,131,47,65,116,105,43,160,34,54,184,84,112,123,127,135,154,180,158,53,86,75,101,1,100,26,97,152,2,129,120,44,25,16,171,175,113,56,31,73432
97,1,101,75,86,26,100,121,53,180,154,70,135,194,127,123,149,131,43,184,35,84,112,4,10,177,54,48,34,146,22,181,160,42,116,65,59,118,115,139,41,193,159,18,108,140,93,68,46,0,117,143,183,89,114,186,23,137,51,151,162,133,176,80,79,63,94,124,148,9,62,102,144,14,49,178,106,52,185,40,165,27,90,81,31,56,113,175,171,16,78,145,92,57,129,25,44,120,2,152,72050
44,129,92,78,16,171,175,113,31,145,179,57,55,52,106,178,49,14,138,165,185,40,81,90,164,21,144,102,62,9,148,124,94,63,79,80,133,151,59,118,51,176,137,23,186,89,183,143,170,0,117,93,140,108,18,22,159,193,41,139,68,46,198,115,5,42,43,116,65,47,149,131,35,184,160,34,48,54,30,177,10,190,4,112,123,127,70,135,154,180,53,26,86,75,101,1,97,152,2,120,72072
121,182,63,94,124,152,97,1,101,26,100,86,75,2,120,92,145,78,25,44,16,171,175,113,56,85,31,157,196,81,90,165,119,40,185,57,55,52,106,178,14,144,49,102,62,9,148,137,23,186,89,183,143,0,46,139,41,193,181,195,159,18,22,146,34,160,48,54,177,184,84,4,112,35,43,42,5,96,115,118,59,116,65,47,131,149,123,162,133,151,72,51,176,80,79,135,70,154,180,53,74144
139,41,193,159,199,18,69,108,68,46,0,117,143,183,89,23,137,176,51,151,162,133,80,79,63,94,148,15,9,62,144,102,49,14,21,164,27,90,39,165,119,40,81,196,185,106,3,178,52,55,57,92,145,78,31,113,175,171,16,25,44,120,2,152,1,97,26,101,75,86,53,180,154,135,123,112,4,190,10,177,184,54,48,160,181,34,103,146,22,195,5,42,43,116,65,149,59,118,115,198,72931
94,63,122,80,79,133,151,72,51,176,137,23,89,183,143,0,46,118,59,65,47,116,43,42,5,115,139,41,193,159,199,69,108,18,22,146,181,34,160,184,48,54,177,4,112,35,131,149,162,123,127,70,135,154,180,158,53,26,97,152,1,101,86,75,2,120,44,129,92,145,78,31,16,171,175,113,56,157,196,81,90,165,40,185,179,57,55,52,106,178,3,138,14,49,102,144,62,9,148,124,72839
182,121,53,180,154,135,70,127,123,112,184,177,54,48,160,43,65,116,115,41,193,42,181,34,22,159,18,108,140,93,68,139,46,118,59,131,149,162,151,72,51,176,137,0,143,183,89,23,148,9,62,144,49,14,138,3,178,106,52,55,57,185,40,119,165,90,81,196,157,31,56,113,175,171,16,78,145,179,92,129,82,25,44,120,2,75,86,100,26,101,1,97,152,124,94,80,133,79,63,136,73917
137,176,80,124,94,63,79,133,151,51,118,59,65,116,43,42,41,193,139,115,46,68,140,108,18,22,146,34,160,54,177,184,112,123,127,135,154,180,53,26,97,152,1,101,86,75,2,120,44,25,145,78,16,171,175,113,31,157,81,196,169,91,179,92,129,57,55,52,178,3,106,185,40,119,8,165,39,90,27,164,7,21,138,14,144,49,102,62,9,148,15,186,23,89,183,153,143,170,117,0,74155
101,26,97,152,1,75,2,129,57,179,92,120,44,25,16,171,175,113,31,78,145,196,81,90,27,165,119,40,185,55,52,106,178,49,102,14,144,62,9,148,186,23,89,183,153,0,170,143,117,93,140,68,108,69,18,22,146,159,193,41,139,46,115,116,65,149,43,42,181,34,160,48,54,177,184,84,4,112,123,127,70,135,162,133,151,59,118,51,137,176,80,79,122,63,94,121,180,154,53,86,72177
92,145,196,31,113,175,171,16,78,25,44,120,75,86,53,180,154,135,127,123,131,149,162,151,133,79,63,122,80,176,51,109,118,59,65,116,43,42,184,84,190,10,177,54,48,160,34,22,18,159,193,41,139,115,198,46,68,117,143,0,153,183,89,23,137,186,114,15,9,62,102,144,14,21,7,164,27,90,39,165,119,40,185,55,52,106,178,49,167,148,124,94,26,101,1,97,152,2,129,57,73119
31,56,113,175,171,16,25,44,120,2,152,1,101,75,86,100,26,97,94,121,53,154,135,70,127,123,112,4,177,54,184,160,181,34,103,146,22,159,193,18,108,93,117,143,183,153,0,68,46,198,115,139,41,96,5,42,43,116,65,59,162,151,133,180,63,79,80,176,51,137,23,89,186,114,64,15,148,37,9,62,102,49,144,14,138,165,39,27,90,40,185,106,3,178,52,55,57,92,78,145,74702
53,121,94,124,152,97,1,101,26,100,86,75,2,120,44,16,171,175,113,31,78,145,179,92,129,57,55,52,196,81,90,27,164,39,165,119,40,185,106,178,3,49,138,14,144,102,62,9,148,137,89,183,143,170,0,117,93,140,36,163,108,69,18,193,159,22,34,160,181,42,41,139,68,46,115,118,59,65,116,43,184,177,4,112,131,149,123,162,151,51,176,80,122,63,79,133,135,70,180,154,74218
48,184,177,54,34,22,159,193,41,139,198,46,68,69,18,108,140,93,117,143,170,0,118,109,51,72,151,162,133,79,63,122,80,176,137,23,183,89,186,15,144,14,49,102,62,9,148,124,94,152,97,1,2,129,92,57,55,52,178,106,185,40,165,39,27,90,81,196,179,145,78,31,113,175,171,16,44,120,75,101,86,26,100,121,53,180,154,135,70,127,123,149,65,116,59,115,5,42,43,160,73249
65,116,59,118,115,46,68,198,139,41,193,181,42,43,184,10,177,54,160,34,22,159,18,69,108,36,140,93,117,0,170,143,183,89,23,137,51,151,133,79,80,176,122,63,94,124,148,37,15,9,62,102,49,144,14,138,3,178,106,165,90,81,40,185,52,55,57,129,92,179,145,78,31,113,175,171,16,25,44,120,2,152,97,1,101,75,86,26,100,53,158,180,154,135,70,127,123,162,149,131,72887
120,75,86,101,1,152,97,26,53,180,154,135,70,127,123,112,84,184,190,10,177,54,48,160,34,181,42,43,131,149,65,116,5,96,41,193,159,146,22,18,69,108,140,68,46,198,139,115,59,118,51,176,80,151,162,133,79,122,63,94,148,137,0,117,143,183,89,23,186,114,15,9,62,144,49,14,138,21,7,164,90,81,196,185,40,165,106,178,52,55,57,92,145,78,31,113,175,171,16,44,72892
56,113,175,171,16,78,145,179,92,82,25,44,120,2,129,57,55,52,106,178,3,49,62,9,148,124,94,137,176,51,109,118,59,116,65,47,43,131,149,162,151,133,79,80,122,63,121,100,26,97,152,1,101,75,86,53,180,154,135,70,127,123,112,84,184,160,34,181,195,146,22,18,108,69,159,193,41,42,5,115,139,46,0,143,183,89,144,14,21,7,164,27,90,165,185,40,81,196,157,31,73866
175,171,16,31,145,78,44,120,2,152,97,1,101,75,86,26,100,121,53,158,180,154,135,70,127,123,112,35,84,4,190,10,177,54,48,184,160,34,181,41,193,159,146,22,18,69,108,36,140,93,117,143,170,0,68,46,198,139,115,96,5,42,43,105,116,65,47,131,149,59,118,109,51,151,162,133,79,63,94,124,122,80,176,137,183,89,23,148,9,62,144,14,49,178,106,165,40,185,196,113,75765
62,9,148,23,89,183,137,94,80,176,51,118,59,115,139,46,0,143,117,93,140,108,69,18,199,22,146,103,195,159,193,41,181,34,160,54,177,10,184,42,43,116,65,131,149,123,127,135,162,151,133,79,63,180,154,158,53,86,75,101,1,97,152,2,120,44,25,129,92,57,179,145,78,16,171,175,113,56,85,31,157,196,81,90,27,39,165,8,119,40,185,55,52,106,178,3,14,49,102,144,73473
2,129,92,57,55,52,106,178,3,49,102,148,9,62,144,14,138,21,7,164,27,90,39,165,185,119,40,81,196,157,31,113,175,171,16,78,145,25,44,120,75,101,1,97,86,53,180,154,135,127,123,149,65,116,43,5,42,160,184,177,54,34,181,146,22,159,193,41,139,198,46,68,163,69,18,108,140,93,117,143,0,153,183,89,23,137,115,59,118,51,151,162,133,176,80,79,63,94,124,152,73044
115,118,51,59,149,131,65,116,43,42,41,193,159,69,108,18,22,146,181,34,160,184,48,54,177,4,112,84,35,123,127,70,135,154,180,53,86,101,75,2,120,44,92,145,78,16,171,175,113,56,31,196,81,90,165,119,40,185,138,14,144,102,49,3,178,106,52,55,57,129,167,62,9,148,124,94,189,152,1,97,26,100,63,79,133,162,151,80,176,137,23,89,183,143,0,117,93,68,46,139,72126
68,93,117,0,143,183,89,23,186,15,144,14,138,185,40,165,39,95,164,27,90,81,196,179,145,78,31,56,113,175,171,16,25,44,120,82,129,92,57,55,52,106,178,49,102,62,9,37,148,137,176,80,94,97,152,74,2,1,101,75,86,26,100,121,53,180,154,70,135,63,79,133,151,162,123,112,84,184,160,22,18,108,159,193,41,115,5,42,43,116,65,47,131,149,59,118,51,46,198,139,74537
195,146,22,18,159,193,41,139,46,68,93,117,0,143,183,89,137,9,62,144,21,164,27,90,81,196,157,31,85,56,113,175,171,16,78,145,92,57,55,52,178,106,185,40,119,8,165,39,138,14,49,148,124,94,152,2,120,25,44,75,86,101,1,97,26,53,158,154,180,136,63,79,80,176,133,135,127,123,162,151,72,51,118,59,115,96,5,42,43,116,65,149,131,184,177,54,48,160,34,181,75043
114,15,144,14,138,165,185,40,90,81,196,157,31,56,113,175,171,16,78,145,92,44,120,75,86,100,26,101,1,97,152,2,129,57,55,52,106,178,49,102,62,9,37,148,167,124,94,189,121,53,63,79,80,176,51,118,59,72,151,162,133,180,154,135,127,123,149,131,65,116,43,42,41,193,181,160,184,84,112,4,10,177,54,48,34,22,159,18,108,139,115,46,0,117,143,183,89,23,137,186,72949
127,135,154,180,158,53,63,79,133,151,162,59,118,51,176,80,94,124,152,97,26,100,86,75,101,1,2,167,102,49,3,178,106,52,55,57,129,92,179,145,78,25,120,44,16,171,175,113,56,31,157,196,81,90,27,39,165,40,185,14,144,62,9,148,137,89,183,143,170,0,117,93,140,108,18,22,159,193,41,139,198,68,46,115,116,65,149,131,43,5,42,181,34,160,54,177,184,84,112,123,72557
2,129,120,44,25,16,171,175,78,145,179,92,57,55,52,178,106,185,40,90,27,39,165,14,49,102,144,62,9,148,137,23,186,89,183,153,0,143,117,93,140,108,18,69,68,46,115,139,41,193,159,22,146,34,181,42,184,160,48,54,177,4,112,35,131,149,47,77,43,116,65,59,118,51,176,80,79,133,151,162,123,127,70,135,154,180,158,53,121,63,94,124,152,1,97,26,100,86,101,75,73127
198,46,115,96,5,41,193,159,22,34,160,54,177,10,190,4,112,84,35,184,181,42,43,116,47,65,59,118,109,51,176,80,122,63,79,133,151,162,149,123,127,70,135,154,180,53,86,75,101,1,97,152,94,124,148,9,62,102,49,3,178,106,52,55,57,92,145,78,120,16,171,175,113,31,81,90,27,165,40,185,138,14,21,144,15,137,23,89,183,143,0,117,93,140,108,18,69,68,110,139,75045
79,63,94,100,26,97,1,152,2,129,92,57,167,148,137,176,51,118,59,115,116,65,149,131,43,160,184,112,4,10,177,54,34,103,146,22,195,181,42,5,41,193,159,18,108,69,139,46,68,117,0,170,143,183,89,23,186,15,9,62,144,14,102,49,178,106,52,55,185,40,165,90,81,196,157,31,56,113,175,171,16,78,145,44,120,75,101,86,53,180,154,135,70,127,123,194,162,151,133,80,73140
185,40,119,165,90,81,196,113,175,171,16,31,78,25,44,120,145,92,52,55,57,129,2,75,86,101,1,152,97,26,100,53,136,182,121,189,19,124,94,63,180,158,154,70,135,194,127,123,149,43,184,112,4,10,177,30,54,48,160,34,103,146,22,18,69,108,117,143,183,0,46,139,41,193,159,181,42,5,115,116,65,59,162,151,133,79,80,176,137,23,186,148,9,62,102,144,14,49,178,106,75017
143,0,117,93,140,108,18,68,46,198,115,139,41,193,159,22,146,34,48,54,30,177,10,190,184,160,181,42,5,43,116,59,65,47,131,149,123,127,70,135,154,180,63,158,53,121,100,189,152,74,97,1,101,26,86,75,2,129,120,44,25,16,171,175,113,31,78,145,92,57,55,52,185,40,165,90,39,138,106,178,3,49,14,144,62,9,148,124,94,80,79,133,162,151,51,176,137,23,89,183,73359
136,182,121,189,152,1,97,26,100,86,101,75,2,120,44,25,78,31,16,171,175,113,81,196,179,145,92,129,57,55,52,185,40,119,165,90,27,39,138,106,178,49,102,14,144,62,148,167,124,94,63,79,80,176,137,51,118,46,198,115,41,193,139,68,0,89,183,143,117,93,140,108,18,159,22,146,34,54,177,4,112,123,35,84,184,160,42,43,116,65,59,162,151,133,135,70,154,180,53,158,74872
53,136,121,100,26,86,75,101,1,97,152,189,124,167,92,129,2,120,44,25,78,145,31,16,171,175,113,56,81,196,179,57,55,52,185,40,165,90,164,7,21,106,178,49,14,144,62,148,94,63,122,79,133,162,151,72,109,51,80,176,137,23,186,89,183,143,0,117,68,46,139,41,193,159,22,34,48,54,177,10,184,160,181,42,43,5,96,115,118,59,116,65,149,123,127,70,135,154,180,158,75003
9,62,144,102,49,14,138,21,7,164,27,90,165,119,40,185,106,3,178,52,55,57,179,145,78,31,113,175,171,16,44,120,92,129,2,152,97,1,101,75,86,26,100,121,53,154,180,63,94,124,176,80,79,133,162,151,72,51,118,59,123,194,135,70,127,112,131,149,65,116,43,115,46,68,139,41,193,159,181,42,184,177,54,160,34,22,18,69,108,140,93,117,0,143,183,137,23,186,15,148,73351
100,26,86,75,101,1,97,152,2,120,44,25,82,129,92,57,179,145,78,16,171,175,113,31,196,55,52,106,178,3,32,138,185,40,119,165,90,27,164,7,21,144,155,14,49,102,62,9,15,148,37,128,167,111,124,94,137,23,89,183,143,117,0,46,68,108,18,22,146,34,160,54,184,112,70,154,135,123,149,131,65,116,43,42,159,193,41,139,198,115,59,118,51,151,176,80,79,63,180,53,76580
7,164,95,27,90,165,119,40,185,106,3,178,52,55,57,92,145,78,175,171,16,25,44,120,129,2,152,97,1,101,75,86,26,100,121,63,79,133,162,194,135,154,180,53,158,70,127,123,112,84,184,54,160,34,146,22,18,108,69,159,193,41,96,5,181,42,43,116,65,47,131,149,72,59,118,115,139,46,68,117,0,143,183,137,176,51,151,80,94,124,148,15,9,62,144,102,49,14,138,21,75534
175,171,16,78,145,92,57,129,82,25,44,120,2,75,86,101,1,100,26,97,152,94,53,154,70,135,180,63,122,80,79,133,162,151,176,51,118,59,116,65,149,123,112,84,35,184,43,5,42,160,48,177,10,54,34,181,195,146,22,159,193,41,139,115,46,0,143,183,89,23,137,186,15,148,9,62,102,49,144,21,7,164,95,27,90,165,119,40,185,138,14,178,106,52,55,179,196,81,31,113,73266
158,70,135,154,180,63,94,124,176,51,118,59,151,80,122,79,133,162,47,65,116,43,131,149,24,123,127,112,4,84,35,184,10,177,54,48,160,34,146,22,18,159,193,41,181,42,5,115,139,46,0,117,143,183,89,186,23,137,148,9,62,49,57,55,52,106,178,14,144,21,164,27,90,165,185,119,40,81,196,31,56,113,175,171,16,78,145,92,129,25,44,120,2,152,97,1,101,75,86,53,73630
111,167,178,106,52,55,57,129,92,179,145,78,120,44,25,16,171,175,113,31,81,90,40,185,165,39,95,164,7,21,144,14,49,102,62,9,148,137,51,176,80,79,133,151,162,59,118,46,0,143,117,108,69,18,159,195,22,146,103,34,181,193,41,139,115,5,42,43,116,65,149,131,184,160,48,54,30,177,10,4,112,123,135,154,180,63,158,53,121,100,26,86,75,101,97,1,2,152,94,124,75019
43,42,34,22,159,193,41,139,115,116,47,65,59,118,46,68,117,0,143,183,89,186,15,148,9,62,102,144,14,138,106,178,3,49,167,129,57,55,52,185,40,119,165,27,90,81,196,157,31,85,56,113,175,171,16,78,145,179,92,82,25,44,120,2,152,97,1,101,75,86,100,26,189,124,12,94,121,53,180,154,70,135,63,79,80,176,137,51,72,151,133,162,149,123,127,112,4,177,160,184,75910
22,195,41,193,159,199,20,18,69,108,140,93,117,0,170,143,183,89,76,23,186,114,15,148,167,37,9,62,102,49,14,144,21,7,164,95,27,90,39,165,40,185,106,3,178,52,55,57,129,92,145,78,171,16,44,120,2,152,97,1,101,86,53,180,154,135,79,63,94,137,176,80,133,151,51,118,59,162,123,127,112,4,177,54,184,42,43,131,149,65,116,46,68,139,115,5,181,160,34,146,78313
40,81,196,157,85,13,56,113,175,171,16,31,179,145,78,25,44,120,75,101,86,53,158,180,154,70,135,194,127,123,162,151,149,131,47,65,116,105,43,42,181,160,184,35,84,112,4,177,54,34,146,22,159,18,117,143,183,89,0,46,139,193,41,115,59,118,109,51,137,176,80,133,79,122,63,94,152,97,1,2,129,92,57,55,52,178,106,185,165,14,49,102,148,9,62,144,21,164,90,119,76264
55,57,92,78,145,179,196,185,40,165,27,90,81,31,113,175,171,16,44,120,129,2,152,1,101,75,86,97,26,100,53,180,154,135,70,127,112,4,84,35,184,177,54,48,160,34,146,22,18,108,69,199,159,193,41,139,115,198,46,68,140,93,117,0,170,143,183,137,176,51,118,59,65,116,5,42,43,77,105,47,131,149,123,162,151,133,79,63,94,124,148,9,62,144,14,49,3,178,106,52,73206
44,120,75,86,101,1,97,26,53,158,180,154,70,135,194,127,123,35,184,84,112,4,190,10,177,54,48,160,34,181,41,96,5,42,43,116,65,131,149,162,151,133,79,63,80,176,51,109,118,59,115,46,68,198,139,193,159,146,22,199,18,69,108,117,0,143,183,89,137,148,167,124,94,152,2,129,92,57,55,52,106,178,3,49,102,9,62,144,14,165,90,40,185,145,78,31,113,175,171,16,73638
179,92,57,55,52,106,178,49,14,144,102,62,9,148,23,89,183,137,176,80,51,118,59,149,131,47,65,116,43,42,181,193,41,139,115,46,68,0,143,117,93,140,108,18,159,22,34,160,54,177,10,190,184,84,112,127,70,154,158,53,180,135,123,162,151,133,79,63,182,121,94,124,189,97,26,100,86,75,101,1,152,2,129,82,120,44,25,16,171,175,113,31,78,145,81,90,165,119,40,185,72798
112,4,84,184,177,54,48,160,34,146,22,159,41,193,18,69,108,140,93,117,143,0,46,139,115,5,42,43,116,47,65,59,118,51,176,137,183,89,186,9,62,144,14,185,40,119,165,39,164,27,90,81,145,78,31,56,113,175,171,16,25,44,120,2,129,92,57,55,52,106,178,3,49,102,37,148,94,80,151,162,133,79,63,121,100,26,97,152,1,101,75,86,53,180,154,135,123,149,131,35,73009
1,2,152,97,26,53,180,154,135,127,123,112,131,149,47,65,116,43,184,190,10,177,54,48,160,34,181,42,5,41,193,159,22,18,69,108,140,93,117,143,0,46,68,139,115,118,59,162,151,133,79,63,94,80,176,137,183,89,23,186,148,9,62,49,178,14,144,21,7,164,27,90,81,40,119,39,165,185,106,52,55,57,129,92,78,145,179,196,157,31,56,113,175,171,16,44,120,75,86,101,72548
86,75,2,120,44,145,78,16,171,175,113,31,196,179,92,57,55,52,106,178,3,185,165,40,81,90,164,7,21,138,14,144,49,102,62,9,148,15,114,186,89,183,23,137,176,51,118,59,149,65,116,115,46,0,170,143,117,93,140,68,198,139,41,96,5,43,42,181,193,159,18,22,146,34,160,54,184,84,112,127,123,162,151,133,79,80,122,63,180,154,135,70,158,53,26,94,152,97,1,101,74582
22,146,34,181,42,160,48,54,177,184,43,116,65,131,149,59,118,51,176,80,79,133,151,162,123,127,70,135,154,180,158,53,63,94,121,100,26,86,97,1,101,75,120,44,25,145,78,16,171,175,113,56,31,157,179,196,81,90,27,164,95,39,165,40,185,106,178,3,138,14,21,144,102,49,52,55,57,92,129,82,2,152,167,148,9,62,15,186,137,23,89,183,143,117,0,46,115,139,41,193,73311
92,57,55,52,178,3,106,185,40,90,165,138,14,49,102,144,62,9,148,23,89,183,143,0,117,93,140,68,46,139,115,118,59,149,131,65,116,43,5,42,181,41,193,159,108,18,22,146,34,160,54,177,10,184,35,84,4,112,127,70,135,154,180,123,162,133,151,51,137,176,80,79,63,94,124,152,1,97,26,100,121,53,86,101,75,2,129,82,120,44,25,16,88,171,175,113,56,31,78,145,72800
183,153,0,143,117,93,68,46,198,139,69,108,18,22,146,159,193,41,115,118,59,65,116,43,5,42,184,160,34,48,54,177,112,131,149,123,127,70,135,162,133,151,72,51,137,176,80,79,122,63,180,154,53,94,124,167,148,9,62,102,49,14,178,106,52,55,57,179,92,129,152,97,26,1,101,86,75,2,120,44,145,78,16,171,175,113,31,196,185,40,165,90,164,21,144,15,114,186,23,89,74210
41,193,159,22,18,108,140,93,68,46,0,143,183,89,137,148,9,62,144,102,49,178,106,52,55,185,14,21,164,27,90,39,165,40,81,196,31,113,175,171,16,78,145,179,57,92,129,25,44,120,2,75,86,26,101,1,97,152,124,94,122,80,176,51,118,59,72,151,162,133,79,63,121,53,158,180,154,135,127,123,149,131,65,116,43,184,84,112,4,177,54,48,160,34,181,42,5,96,115,139,72971
117,93,140,108,18,22,159,193,41,34,160,177,10,190,84,4,112,127,123,162,133,79,63,94,180,154,135,70,158,53,86,75,101,1,97,152,2,120,44,92,57,55,52,145,78,16,171,175,113,56,31,157,196,81,90,119,40,185,165,39,95,164,7,21,14,138,3,106,178,49,102,144,62,9,148,15,186,89,183,137,176,80,151,51,59,65,116,43,47,149,131,35,184,42,115,139,46,68,143,0,74267
75,101,86,26,100,53,180,154,135,123,162,133,63,80,176,51,151,59,149,131,65,116,43,42,181,184,190,10,177,54,48,160,34,146,22,159,193,41,5,115,139,46,0,117,143,183,89,23,137,186,114,15,9,62,144,102,49,3,178,55,52,106,32,138,14,21,7,164,27,90,39,165,119,40,185,169,196,81,157,31,113,175,171,16,78,145,179,57,92,129,167,148,124,94,97,1,152,2,44,120,75015
113,175,171,16,78,25,44,120,129,2,152,1,101,75,86,97,26,100,121,124,94,63,79,80,176,137,0,68,46,118,59,109,51,151,162,133,180,53,154,135,123,149,131,47,65,116,43,184,112,4,177,54,34,160,42,115,139,41,193,159,146,22,18,108,117,143,183,89,23,148,9,62,102,144,14,49,3,178,106,52,55,57,92,145,179,185,40,119,165,39,95,7,164,58,27,90,81,196,157,31,73752
171,16,78,145,92,57,129,44,120,2,152,97,1,101,75,86,53,180,154,135,70,127,123,162,133,151,51,109,118,59,65,47,149,131,43,116,115,139,193,41,42,160,184,177,54,48,34,146,22,18,108,117,143,170,0,68,46,176,80,79,122,63,94,124,148,137,23,183,89,186,114,64,15,9,62,102,49,144,14,138,3,178,106,52,55,185,40,119,165,39,95,164,27,90,81,196,31,56,113,175,74346
97,26,100,86,53,158,180,154,70,135,162,133,151,51,109,118,59,65,116,5,42,43,47,131,149,123,127,112,4,177,54,48,184,160,34,146,22,18,108,159,193,41,139,115,46,0,143,183,89,23,137,176,80,79,63,94,124,167,148,15,9,62,102,49,3,178,106,52,55,185,165,138,14,144,21,7,164,27,90,40,81,196,145,31,113,175,171,16,78,92,57,129,25,44,120,2,75,101,1,152,72877
159,22,146,181,34,160,54,177,10,184,35,131,149,47,65,116,105,43,42,5,115,198,46,118,59,72,162,123,127,70,135,154,180,133,151,51,176,80,79,63,182,136,53,121,100,26,97,152,1,101,86,75,2,129,92,145,78,120,44,25,16,171,175,113,31,81,90,165,40,185,55,52,106,178,49,102,14,144,62,9,37,167,124,94,148,15,114,186,137,23,89,183,153,0,143,117,68,139,41,193,74425
158,154,70,135,180,63,79,80,133,151,162,123,127,112,149,131,35,184,160,34,43,116,47,65,59,118,115,46,68,139,5,42,41,193,159,22,18,117,143,170,0,109,51,176,137,23,89,183,62,9,148,167,124,94,152,97,1,101,2,92,57,55,52,106,178,3,49,14,144,21,164,27,90,39,165,185,119,40,81,196,157,31,85,56,113,175,171,16,78,145,25,44,120,75,86,26,100,121,136,53,76762
16,171,175,113,31,78,145,196,81,90,27,39,165,119,40,185,106,178,49,14,144,62,148,137,23,89,183,153,0,143,117,108,18,69,139,68,46,115,41,193,159,22,146,103,34,54,177,10,190,184,160,181,42,43,35,84,4,112,156,29,123,127,70,135,133,79,80,151,162,149,131,47,65,116,59,118,72,109,51,176,94,63,180,154,53,86,101,1,97,152,75,2,55,52,57,92,129,120,25,44,74716
133,180,154,135,70,127,112,4,10,177,54,34,160,184,35,131,149,123,162,151,51,59,65,47,116,43,42,115,139,41,193,159,146,22,18,108,93,117,0,143,183,89,186,23,137,148,9,62,144,14,21,7,164,27,90,165,185,119,40,81,196,31,56,113,175,171,16,44,25,78,145,92,129,57,55,52,106,178,3,49,102,167,152,2,120,75,101,1,97,26,100,86,53,121,94,63,122,176,80,79,72647
145,78,25,44,120,82,92,129,2,1,101,75,86,121,100,26,97,152,124,94,63,79,80,176,51,118,59,162,151,133,180,53,158,154,135,70,127,123,112,177,54,48,184,160,34,181,41,193,159,22,18,108,139,5,42,43,131,149,65,116,115,198,46,68,117,0,143,183,137,148,9,62,49,14,144,21,7,164,27,90,81,85,56,113,175,171,16,31,157,196,40,119,165,185,106,178,52,55,57,179,73752
113,56,31,157,196,81,187,90,27,164,7,95,39,165,119,40,185,55,52,106,178,3,138,14,49,102,144,62,9,15,186,89,183,137,148,124,94,122,80,176,51,59,65,116,43,42,115,139,41,193,159,199,69,108,18,22,146,181,34,160,48,54,177,10,190,4,112,84,184,149,123,162,151,133,79,63,180,135,127,70,154,53,26,97,86,75,101,1,152,2,120,44,129,57,92,145,78,16,171,175,74321
133,162,151,80,176,137,183,0,46,139,108,18,22,159,193,41,115,118,51,59,65,116,43,42,181,34,160,48,54,30,177,10,190,4,112,84,184,35,131,149,123,127,70,135,154,180,53,26,97,152,1,101,86,75,2,120,44,25,16,88,171,175,113,56,85,31,157,196,81,90,165,119,40,185,179,145,78,92,129,57,55,52,106,178,3,49,138,14,144,102,62,9,15,148,37,167,124,94,63,79,73730
100,121,53,154,180,79,133,151,162,194,135,70,127,123,112,84,184,177,54,48,160,34,181,41,193,159,146,22,18,139,68,140,93,117,143,0,46,115,42,43,105,116,65,47,131,149,59,51,176,80,122,63,94,137,183,89,144,14,138,185,40,119,165,90,81,196,179,145,31,56,113,175,171,16,78,25,44,120,129,92,57,55,52,106,178,49,102,62,9,148,124,189,97,152,2,1,101,75,86,26,73798
163,68,46,115,43,42,139,41,193,159,22,146,34,160,54,177,184,84,4,112,127,135,154,180,53,86,75,101,1,2,120,44,78,145,31,16,171,175,113,81,196,179,92,129,57,55,52,178,106,185,40,90,165,14,144,49,102,62,9,148,167,124,94,189,152,97,26,100,121,182,136,63,122,176,80,79,133,151,162,123,149,131,47,65,116,59,118,109,51,137,89,183,143,0,117,93,140,108,18,69,74239
48,54,30,177,10,190,84,4,112,123,127,70,135,194,162,72,59,118,51,151,133,79,80,176,122,63,180,154,158,53,100,26,97,1,101,86,75,44,25,16,171,175,113,31,90,27,165,40,185,52,55,57,92,145,78,120,2,152,94,167,106,178,49,14,144,62,148,137,23,89,183,143,0,117,93,140,68,46,198,139,115,96,5,41,193,159,22,146,34,181,42,43,116,65,47,149,131,35,184,160,74501
138,185,40,165,90,81,31,113,175,171,16,44,120,78,145,92,129,2,152,97,1,101,75,86,26,100,53,121,94,63,122,79,133,180,154,70,135,194,162,151,65,116,5,42,181,160,184,43,149,123,127,112,4,10,177,54,34,103,146,22,195,159,41,193,18,108,93,117,68,46,139,115,59,118,109,51,80,176,137,0,143,183,89,23,186,15,62,9,37,148,57,55,52,106,178,3,49,102,144,14,74531
106,178,49,102,62,9,148,124,94,63,122,80,176,137,23,89,183,143,0,117,68,46,118,59,149,131,65,116,43,42,193,41,115,198,139,69,108,18,199,159,22,146,181,34,160,48,54,177,184,84,112,127,135,123,162,151,51,133,79,180,154,53,86,75,101,1,97,152,2,120,44,16,171,175,113,56,31,157,78,25,129,92,57,55,52,179,145,196,81,40,119,185,165,90,27,164,21,144,14,138,73322
1,101,86,75,2,152,94,63,79,80,176,51,59,118,137,148,9,62,49,178,106,52,55,57,179,145,78,92,129,120,44,25,16,171,175,113,31,196,81,40,119,185,165,39,90,27,164,7,21,14,144,15,186,23,89,183,153,0,143,117,93,68,46,198,115,139,69,108,18,22,193,41,42,43,116,65,149,35,84,184,160,34,54,177,10,4,112,127,123,162,151,133,135,154,180,53,121,100,26,97,72730
55,52,106,178,3,49,102,144,14,138,165,27,90,40,185,196,31,113,175,171,16,25,44,120,2,75,86,53,180,154,135,70,127,112,4,84,190,10,177,30,54,48,34,181,195,103,146,22,18,108,69,199,159,193,41,139,143,0,46,115,116,65,43,5,42,160,184,35,131,149,123,162,133,151,59,51,176,80,79,63,26,101,1,97,152,94,137,183,89,186,62,9,148,167,57,129,92,78,145,179,74620
131,149,77,43,42,5,116,47,65,59,118,51,176,80,151,162,133,79,63,94,148,137,0,143,183,89,62,49,14,144,21,164,90,165,119,40,185,106,178,52,57,129,92,145,78,31,113,175,171,16,25,44,120,2,152,97,1,101,75,86,26,100,121,53,158,180,154,70,135,194,127,123,29,112,4,84,190,10,177,54,30,34,146,22,18,69,108,68,46,198,115,139,41,193,159,181,160,48,184,35,74790
15,144,21,164,39,165,185,40,90,81,196,31,56,113,175,171,16,78,145,179,92,44,120,129,57,55,52,106,178,3,14,49,102,62,9,148,124,94,189,152,2,75,86,101,1,97,26,100,53,180,154,135,70,127,112,4,84,35,184,190,10,177,54,48,160,34,146,22,18,117,143,0,46,115,139,193,41,42,43,105,116,65,47,131,149,123,162,59,151,133,79,63,122,80,176,137,23,183,89,186,73463
95,164,27,90,81,196,157,85,56,113,175,171,16,31,78,25,44,120,145,92,57,55,52,49,102,62,9,148,167,124,94,152,2,75,86,101,1,97,26,53,180,154,135,70,127,123,112,84,184,131,149,65,116,43,42,5,41,193,159,181,160,34,22,18,69,108,36,140,93,117,143,0,46,68,139,115,59,51,151,162,133,79,63,122,80,176,137,183,89,186,15,144,14,178,106,185,40,119,165,39,74052
25,145,78,16,171,175,113,31,81,90,27,165,138,14,144,49,102,62,9,15,137,23,89,183,143,0,117,93,68,46,139,115,116,5,42,181,41,193,159,18,22,34,160,54,177,10,190,184,43,131,149,65,59,118,51,176,80,122,63,79,133,151,162,123,127,135,154,180,158,53,121,100,26,86,75,101,1,2,152,97,94,124,12,148,37,167,55,52,106,178,3,185,40,179,57,92,129,82,120,44,73859
5,116,59,118,51,151,133,162,127,70,135,154,180,158,53,100,26,86,75,101,1,97,152,2,120,44,25,16,171,175,113,31,78,145,92,129,57,55,52,185,165,119,40,196,81,90,27,164,21,14,106,178,3,49,144,62,148,124,94,189,121,182,136,63,79,80,176,137,23,89,183,143,117,0,46,115,41,193,159,139,68,108,18,22,146,34,160,48,54,177,184,84,112,123,149,131,47,65,43,42,72836
90,165,119,40,185,106,178,3,14,49,102,144,62,9,186,23,89,183,153,0,143,117,68,93,140,108,69,18,22,146,159,193,41,96,115,139,198,46,118,59,149,131,65,116,43,5,42,181,34,160,48,54,177,10,190,184,84,4,112,123,162,151,133,135,70,154,180,158,53,26,86,75,101,1,97,152,94,63,79,80,176,137,148,52,55,57,92,129,120,44,25,16,171,175,113,56,31,78,145,81,72844
44,25,16,171,175,113,56,31,78,145,81,90,27,164,95,39,165,119,40,185,92,57,55,52,106,178,14,144,49,102,62,9,148,137,89,183,143,117,0,46,139,108,18,159,195,22,146,34,48,54,177,4,112,35,131,149,65,116,43,5,42,184,160,181,193,41,96,115,59,118,60,109,51,176,80,124,94,63,79,133,151,72,162,123,127,70,135,154,180,158,53,86,75,101,26,97,1,152,2,120,74553
171,175,113,31,78,145,81,90,165,119,40,185,14,144,49,3,178,106,52,55,57,92,152,97,26,100,121,63,122,79,80,94,148,9,62,89,183,143,117,0,23,137,176,51,109,118,46,198,68,93,140,108,18,69,139,115,96,5,42,181,41,193,159,22,146,103,34,160,48,54,177,10,184,43,116,47,65,59,72,151,162,149,131,112,123,127,70,135,133,180,154,53,86,75,101,1,2,120,44,16,75856
75,2,120,44,16,171,78,145,92,129,57,55,52,178,106,185,40,119,165,90,27,164,7,21,14,49,102,144,62,9,15,37,148,124,94,63,80,176,137,23,89,183,143,117,0,46,115,41,193,139,68,108,69,18,159,22,146,181,34,160,184,54,177,10,190,4,84,35,112,127,123,149,131,43,42,5,116,65,59,118,51,151,162,133,79,135,70,154,180,158,53,136,121,152,1,97,26,100,86,101,74591
18,68,46,115,139,41,193,159,22,146,34,30,54,48,160,181,42,5,116,65,47,149,131,43,184,177,10,190,84,4,112,123,127,70,135,154,180,53,100,26,97,152,1,101,86,75,2,129,92,145,78,120,44,16,171,175,113,31,196,81,90,165,40,185,57,55,52,106,178,49,14,144,62,9,15,148,124,94,63,122,80,79,133,151,162,59,118,109,51,176,137,23,89,183,143,170,0,117,93,108,71750
57,92,179,55,52,106,178,3,138,14,21,164,27,90,165,185,119,40,81,196,157,31,85,13,56,113,175,171,16,78,145,25,44,120,82,129,2,1,152,94,79,63,26,97,101,75,86,53,180,154,135,162,151,133,80,176,51,118,59,115,116,65,123,149,43,5,42,184,84,112,4,177,54,160,34,146,22,18,108,159,193,41,139,198,46,68,117,0,143,183,89,23,137,148,9,62,144,102,49,167,75088
148,9,62,144,14,49,178,106,52,55,185,40,119,165,39,27,90,81,196,157,31,113,175,171,16,25,44,120,78,145,179,57,92,129,2,75,101,86,26,97,1,152,124,94,121,53,158,154,180,63,122,79,80,176,151,133,194,135,70,127,123,35,84,112,4,10,177,30,54,48,184,160,34,181,41,193,159,195,146,22,18,108,68,46,139,115,5,42,43,105,116,65,47,131,149,162,59,118,51,137,74663
56,113,175,171,16,25,44,120,75,86,101,1,97,26,100,121,53,180,154,70,135,63,79,80,176,51,151,133,162,59,118,115,139,41,193,181,42,43,116,65,47,131,149,123,112,4,10,177,184,160,34,146,22,159,199,18,69,108,68,46,0,143,183,89,137,148,124,94,189,152,2,129,92,78,145,179,57,55,52,106,178,49,102,9,62,144,14,185,165,39,95,7,164,27,90,40,81,196,157,31,73239
89,137,148,9,62,102,49,144,14,138,165,27,90,81,196,40,185,106,3,178,52,55,57,129,92,145,78,31,56,113,175,171,16,44,120,2,75,101,86,100,26,97,1,152,124,94,121,53,158,154,180,63,122,80,79,133,194,135,70,127,123,112,4,190,10,177,54,184,160,34,22,159,193,41,139,115,5,42,43,116,65,47,131,149,162,151,176,51,109,72,59,118,46,68,140,93,117,0,143,183,73498
79,133,162,194,127,70,135,154,180,53,63,94,124,189,152,1,97,26,100,86,101,75,2,57,92,129,120,44,25,16,171,175,113,31,78,145,179,196,185,40,165,39,90,27,164,14,144,102,49,3,178,106,52,55,167,62,9,148,137,23,89,183,143,117,0,46,68,18,22,146,159,193,41,139,115,116,65,43,42,181,34,160,54,177,10,190,4,112,84,184,35,123,149,59,118,109,51,151,176,80,73362
175,113,56,31,90,165,40,185,14,144,15,114,186,89,183,143,0,117,93,140,68,46,198,115,139,41,193,159,199,69,108,18,20,22,146,181,34,160,54,177,184,42,43,116,65,131,149,59,118,151,133,162,123,112,127,70,135,154,180,53,100,26,97,86,75,101,1,152,124,94,63,122,79,80,176,51,137,23,148,37,9,62,102,49,3,178,106,52,55,57,129,2,120,44,25,92,145,78,171,16,73859
193,41,5,42,43,65,149,184,160,181,159,22,146,34,48,54,177,10,4,112,84,35,123,127,70,135,154,158,53,180,133,151,162,59,116,115,139,46,51,176,80,79,63,94,124,152,1,97,26,86,101,75,2,120,44,25,129,92,57,55,179,145,78,31,16,171,175,113,56,196,81,90,27,164,7,95,39,165,119,40,185,52,106,178,3,14,144,49,102,62,9,148,137,183,143,117,93,108,18,69,73447
69,108,140,93,68,46,118,59,151,51,176,80,79,63,94,124,167,148,186,23,137,76,153,0,117,170,143,183,89,114,15,9,62,144,14,49,178,106,52,55,185,40,119,165,27,90,81,196,157,31,56,113,175,171,16,78,145,179,57,92,129,82,25,44,120,2,152,97,1,101,75,86,53,180,154,70,135,133,162,123,149,131,65,116,115,139,41,193,159,42,43,184,177,54,160,34,181,146,22,18,73680
86,53,154,135,180,94,124,189,121,100,26,97,1,152,2,120,25,78,145,92,129,57,55,52,106,178,49,102,62,9,148,137,46,139,193,41,96,5,42,43,149,65,116,115,59,118,109,51,176,80,63,79,133,151,162,123,127,112,4,84,184,177,54,160,34,181,146,22,159,18,108,93,117,0,143,183,89,23,186,15,144,14,138,185,40,119,165,27,90,81,196,31,56,113,175,171,16,44,75,101,73368
185,40,119,90,27,164,95,39,165,138,106,178,3,49,102,14,144,62,9,15,148,167,124,94,80,176,137,23,186,89,183,143,117,108,18,22,146,181,34,160,54,177,184,43,65,116,42,5,159,193,41,115,139,68,46,118,59,51,151,162,123,127,70,135,154,180,133,79,122,63,158,53,121,100,26,97,86,75,101,1,152,2,120,44,25,129,92,57,55,52,179,145,78,16,171,175,113,31,81,196,73290
51,109,72,151,162,133,180,154,135,70,127,123,112,84,184,177,54,48,160,34,181,195,146,22,18,108,159,193,41,139,115,5,42,43,116,65,131,149,59,118,46,0,117,143,183,89,23,148,9,62,102,144,14,49,3,178,106,52,55,185,40,165,39,27,90,81,196,157,31,56,113,175,171,16,25,78,145,179,57,92,129,82,44,120,2,152,97,1,101,75,86,26,100,53,94,63,79,80,176,137,72309
185,40,119,165,39,27,90,81,196,157,31,56,113,175,171,16,78,145,92,57,55,129,82,25,44,120,2,75,86,101,1,152,97,26,53,180,154,135,162,151,133,79,63,94,80,176,51,118,59,65,47,116,43,184,35,131,149,123,112,4,177,54,48,160,34,181,42,5,115,139,41,193,159,195,103,146,22,18,108,93,117,143,0,46,137,183,89,23,186,148,9,62,102,144,14,49,3,178,106,52,72763
14,144,62,9,102,49,3,178,106,52,55,57,129,2,152,94,148,186,89,183,23,137,176,51,118,59,149,131,65,116,43,42,5,96,115,139,198,46,68,0,143,117,93,108,18,22,159,193,41,181,34,160,48,54,177,10,184,84,112,127,123,162,151,133,80,79,63,135,154,180,53,86,97,1,101,75,120,44,25,82,92,179,145,78,16,171,175,113,31,196,81,185,40,90,27,164,95,39,165,138,72965
135,127,123,149,131,47,65,59,118,116,43,160,184,10,177,54,34,181,146,22,159,18,108,139,193,41,42,5,96,115,46,68,93,117,0,143,183,89,137,176,80,51,151,162,133,79,63,94,124,111,167,37,148,15,9,62,102,49,144,155,14,138,21,164,27,90,81,196,40,119,165,185,106,3,178,52,55,57,129,92,145,78,31,113,175,171,16,44,120,2,152,97,1,101,75,86,26,53,154,180,74191
177,10,190,4,112,84,35,184,28,42,43,47,65,116,59,149,131,123,127,70,135,154,180,158,53,86,75,101,1,97,152,2,129,120,44,16,171,175,113,56,31,78,145,196,81,90,27,164,7,95,39,165,8,119,40,185,92,57,55,52,106,178,3,138,14,144,49,102,62,9,15,37,148,124,94,63,79,133,162,151,80,176,137,183,0,46,115,139,159,193,41,5,181,22,146,34,160,48,30,54,74961
34,160,42,181,146,22,159,18,108,140,93,117,143,170,0,46,139,193,41,115,118,59,65,116,43,47,131,149,162,151,133,79,122,63,182,121,100,26,101,1,97,152,189,124,94,80,176,137,183,89,23,186,62,9,148,2,82,129,92,57,55,52,106,178,49,144,14,165,185,40,119,90,81,196,157,56,113,175,171,16,31,179,145,78,25,44,120,75,86,53,180,154,135,70,127,123,112,184,177,54,74057
