109,35,0,111,50,81,153,186,163,180,176,64,106,159,143,124,128,62,18,55,34,170,152,4,149,28,59,20,60,94,66,47,148,9,199,140,183,86,95,130,99,22,185,179,172,52,166,194,113,114,137,103,89,127,165,187,146,97,77,141,91,61,36,175,78,142,45,5,177,21,87,82,8,104,56,144,160,33,138,182,11,139,134,43,168,195,13,132,169,6,188,161,70,3,15,145,155,189,69,29,
193,31,164,73,54,151,19,112,121,116,158,25,182,138,33,160,144,104,8,82,21,177,5,45,142,78,175,36,61,91,141,77,146,187,165,127,89,103,113,194,166,179,185,130,95,86,18,62,124,106,176,163,153,81,111,0,35,109,29,11,139,43,168,195,145,15,3,70,13,132,169,188,6,134,74,118,98,51,125,90,191,71,147,115,178,10,133,122,135,32,96,63,92,38,27,16,1,156,198,117,
195,145,15,3,70,13,132,169,188,6,147,115,10,133,122,72,107,40,100,63,135,38,27,16,1,156,198,117,193,31,54,151,131,90,191,51,121,118,74,134,2,139,11,182,138,33,160,144,104,8,82,21,177,5,45,142,78,175,36,61,91,141,77,97,146,187,165,127,89,103,113,194,166,179,185,22,99,130,95,86,183,140,152,170,34,55,18,62,124,106,176,163,153,81,111,0,35,109,29,168,
161,188,6,169,132,13,126,168,195,145,15,189,34,55,18,62,128,124,106,159,143,35,109,0,29,160,33,49,11,139,182,138,104,8,56,144,111,82,87,21,177,5,45,142,78,175,36,61,79,91,141,97,77,81,153,146,187,165,163,89,127,137,114,103,26,180,176,113,194,166,86,185,179,52,172,57,66,94,47,148,60,20,59,28,149,4,199,9,99,22,130,95,183,140,152,170,184,155,3,70,
183,152,170,34,55,18,62,128,124,106,143,35,109,0,29,160,33,11,134,74,118,121,51,90,131,31,117,1,38,135,63,122,133,10,115,147,6,188,169,132,13,70,3,15,145,195,168,139,182,138,104,8,111,82,21,177,5,45,142,78,175,36,61,91,141,77,81,153,187,163,89,127,137,114,103,26,176,113,194,166,22,99,130,95,86,185,179,172,57,66,94,47,148,60,20,59,28,149,4,140,
78,36,61,91,141,97,146,187,165,127,89,103,113,194,166,179,185,130,95,86,18,62,124,106,176,163,153,81,77,58,82,8,111,144,0,35,109,29,160,33,49,11,134,74,118,121,51,120,191,90,125,131,112,19,151,54,73,31,193,117,198,156,1,16,27,38,135,63,100,40,107,72,122,133,10,115,147,192,6,188,169,132,13,161,70,3,15,145,195,168,139,182,138,104,21,177,5,45,142,175,
188,6,147,115,10,133,122,72,107,40,100,63,135,38,27,16,1,156,198,117,193,31,54,151,131,90,191,51,121,118,74,134,43,139,11,182,138,33,160,144,104,8,82,21,177,5,45,142,78,175,36,61,91,141,77,97,146,187,165,127,89,103,113,194,166,179,185,22,99,130,95,86,183,140,152,170,34,55,18,62,124,106,176,163,153,81,111,0,35,109,29,168,195,145,15,3,70,13,132,169,
5,45,142,78,175,7,36,61,91,141,97,146,187,165,127,89,103,113,194,166,179,185,130,95,86,62,124,106,176,163,153,81,77,58,82,8,111,144,0,35,109,29,160,33,49,11,134,74,118,121,51,120,191,90,125,131,112,19,151,54,73,31,193,117,198,156,1,16,27,38,135,63,100,40,107,72,122,133,10,115,147,192,6,188,169,132,13,161,70,3,15,145,195,168,139,182,138,104,21,177,
11,134,74,118,121,51,90,131,151,54,31,193,117,198,156,1,16,27,38,135,63,40,107,122,133,10,115,147,6,188,169,132,13,70,3,15,145,195,168,139,182,138,104,8,82,21,177,5,45,142,78,175,36,61,91,141,77,97,146,187,165,127,89,103,137,114,113,194,166,172,179,185,22,99,130,95,86,183,140,152,170,34,55,18,62,124,106,176,163,153,81,41,111,144,0,35,109,29,160,33,
140,4,149,28,59,20,60,94,47,148,9,130,99,22,179,185,86,95,166,194,113,176,26,103,114,137,127,89,163,187,153,81,77,141,91,61,36,175,78,142,45,5,177,21,82,111,8,104,138,182,139,168,195,145,15,3,70,13,132,169,188,6,147,115,10,133,122,63,135,38,1,117,193,31,54,131,90,51,121,118,74,134,11,33,160,29,0,109,35,143,106,124,128,62,18,55,34,170,152,183,
122,72,107,40,100,63,102,135,90,191,125,131,38,27,16,1,156,198,117,193,31,164,73,54,151,19,112,121,116,51,98,118,74,85,134,139,182,138,33,160,144,104,8,82,21,177,5,45,142,78,175,36,61,91,141,77,146,187,165,127,89,103,113,194,166,179,185,130,95,86,124,106,176,163,153,81,111,0,35,109,29,11,43,168,195,13,145,15,3,70,161,132,169,188,6,192,147,115,10,133,
138,182,11,139,134,43,168,195,13,132,169,6,188,161,70,3,15,145,155,189,69,29,109,35,0,111,50,81,153,186,163,180,176,64,106,159,143,124,128,62,18,55,34,170,152,4,149,28,59,20,60,94,66,47,148,9,199,140,183,86,95,130,99,22,185,179,172,52,166,194,113,114,137,103,89,127,165,187,146,97,77,141,91,61,36,175,78,142,45,5,177,21,87,82,8,104,56,144,160,33,
35,109,29,69,189,155,145,15,3,70,161,188,6,169,132,13,195,168,43,134,139,11,182,138,33,160,144,56,104,8,82,87,21,177,5,45,142,78,175,36,61,91,141,77,97,146,187,165,127,89,103,137,114,113,194,166,172,179,185,22,99,130,95,86,183,140,199,9,148,47,66,94,60,20,59,28,149,4,152,170,34,55,18,62,128,124,143,159,106,64,176,180,163,186,153,81,50,111,12,0,
195,145,15,3,70,13,132,169,188,6,147,115,10,133,122,72,107,40,100,63,135,38,27,16,1,156,198,117,193,31,54,151,131,90,191,51,121,118,74,134,43,139,11,182,138,33,160,144,104,8,82,21,177,5,45,142,78,175,36,61,91,141,77,97,146,187,165,127,89,103,113,194,166,179,185,22,99,130,95,86,183,140,152,170,34,55,18,62,124,106,176,163,153,81,111,0,35,109,29,168,
141,97,146,187,165,127,89,103,137,114,113,194,166,172,179,185,22,99,130,95,86,183,140,152,170,34,55,18,62,128,124,143,106,64,176,180,163,153,81,14,111,35,109,0,29,160,33,11,134,74,118,121,51,191,90,131,19,151,54,73,31,193,117,198,156,1,16,27,38,135,63,100,40,107,72,122,133,10,115,147,192,6,188,169,132,13,70,3,15,145,195,168,139,182,138,104,8,21,82,77,
70,161,188,6,169,132,13,126,168,195,145,15,189,34,55,18,62,128,124,106,159,143,35,109,0,29,160,33,49,11,139,182,138,104,8,56,144,111,82,87,21,177,5,45,142,78,175,36,61,79,91,141,97,77,81,153,146,187,165,163,89,127,137,114,103,26,180,176,113,194,166,86,185,179,52,172,57,66,94,47,148,60,20,59,28,149,4,199,9,99,22,130,95,183,140,152,170,184,155,3,
24,156,198,117,193,80,190,162,175,78,142,36,61,91,141,97,146,187,165,127,89,103,113,194,166,179,185,130,95,86,176,163,153,81,77,58,82,8,111,144,0,35,109,29,160,33,49,11,134,6,188,169,132,13,161,70,3,15,145,195,168,139,182,138,104,21,177,5,45,136,31,164,73,54,151,19,112,121,131,125,51,90,191,71,147,115,178,10,133,122,135,32,96,63,102,92,38,27,16,1,
107,17,133,10,178,147,192,6,188,169,132,161,70,3,15,145,13,195,168,43,11,29,109,35,0,111,81,153,163,176,106,124,86,95,130,185,179,166,194,113,103,89,127,165,187,146,77,141,91,61,36,175,78,142,45,5,177,21,82,8,104,144,160,33,138,182,139,134,85,74,118,98,51,116,121,112,19,151,54,73,164,31,193,117,198,156,1,16,27,38,131,125,191,90,122,135,102,63,100,40,
124,106,159,143,35,0,29,109,111,50,81,153,186,163,103,89,127,114,137,165,187,146,97,77,141,91,79,61,36,175,78,142,45,5,177,21,87,82,8,104,56,144,160,33,138,182,11,139,43,168,195,126,6,188,169,132,13,145,15,70,3,189,155,184,170,152,4,149,28,59,20,60,94,66,47,148,9,199,140,183,95,130,99,22,185,179,172,52,166,194,113,180,176,86,128,83,34,55,18,62,
112,19,151,54,73,164,31,136,45,5,177,21,104,138,182,139,168,195,145,15,3,70,161,13,132,169,188,6,134,11,49,33,160,29,109,35,0,144,111,8,82,58,77,81,153,163,176,86,95,130,185,179,166,194,113,103,89,127,165,187,146,97,141,91,61,36,142,78,175,162,80,190,193,117,198,156,24,1,16,27,38,92,102,63,96,32,135,122,133,10,178,115,147,71,191,90,51,125,131,121,
47,66,94,60,20,59,28,149,4,140,183,152,170,34,55,18,62,128,124,106,143,35,109,0,29,160,33,11,134,74,118,121,51,90,131,54,31,193,117,1,38,135,63,122,133,10,115,147,6,188,169,132,13,70,3,15,145,195,168,139,182,138,104,8,111,82,21,177,5,45,142,78,175,36,61,91,141,77,81,153,187,163,89,127,137,114,103,26,176,113,194,166,130,95,86,185,179,22,99,148,
111,82,87,21,58,77,81,153,186,163,180,176,64,106,159,143,124,128,62,18,55,34,170,152,4,149,28,59,20,60,94,66,47,148,9,199,140,183,86,95,130,99,22,185,179,172,166,194,113,114,137,103,89,127,165,187,146,97,141,91,61,36,175,78,142,45,5,177,25,182,138,11,139,134,43,168,195,13,132,169,6,188,161,70,3,15,145,155,189,69,29,109,35,0,160,33,144,56,104,8,
86,166,194,113,176,26,103,114,137,127,89,163,187,153,81,77,141,91,61,36,175,78,142,45,5,177,21,82,111,8,104,138,182,139,168,195,145,15,3,70,13,132,169,188,6,147,115,10,133,122,63,135,38,1,131,90,51,121,118,74,134,11,33,160,29,0,109,35,143,106,124,128,62,18,55,34,170,152,140,183,95,130,99,22,9,199,4,149,28,59,20,60,148,47,94,66,57,172,179,185,
94,66,47,148,99,22,179,185,86,95,130,166,194,113,176,26,103,114,137,127,89,163,187,153,81,77,141,91,61,36,175,78,142,45,5,177,21,82,111,8,104,138,182,139,168,195,145,15,3,70,13,132,169,188,6,147,115,10,133,122,63,135,38,1,117,31,54,131,90,51,121,118,74,134,11,33,160,29,0,109,35,143,106,124,128,62,18,55,34,170,152,183,140,4,149,28,59,20,23,60,
193,31,164,73,54,151,19,112,121,116,158,25,182,138,33,160,144,104,8,82,21,177,5,45,142,78,175,36,61,91,141,77,146,187,165,127,89,103,113,194,166,179,185,130,95,86,62,124,106,176,163,153,81,111,0,35,109,29,11,139,43,168,195,145,15,3,70,13,132,169,188,6,134,74,118,98,51,125,90,191,71,147,115,178,10,133,122,135,32,96,63,92,38,27,16,1,24,156,198,117,
21,104,138,182,139,168,195,145,15,3,70,161,13,132,169,188,6,192,147,115,10,133,122,72,107,40,100,63,135,38,27,16,1,156,198,117,193,31,73,54,151,19,112,131,125,90,191,120,51,121,118,74,134,11,49,33,160,29,109,35,0,144,111,8,82,58,77,81,153,163,176,106,124,86,95,130,185,179,166,194,113,103,89,127,165,187,146,97,141,91,61,36,7,175,78,142,45,5,25,177,
194,166,52,172,179,185,22,99,130,95,86,183,140,199,9,148,47,66,94,60,20,59,28,149,4,152,170,34,55,18,62,128,124,143,159,106,64,176,180,129,153,81,111,35,109,0,29,160,33,11,134,74,118,121,51,90,131,31,117,1,38,135,63,122,133,10,115,147,6,188,169,132,13,70,3,15,145,195,168,139,182,138,104,8,21,82,77,141,97,146,187,165,163,89,127,137,114,103,26,113,
92,102,63,96,32,135,122,133,10,178,115,147,71,191,90,51,125,131,121,112,19,151,54,73,164,31,136,45,5,177,21,104,138,182,139,168,195,145,15,3,70,161,13,132,169,188,6,134,11,49,33,160,29,109,35,0,144,111,8,82,58,77,81,153,163,176,86,95,130,185,179,166,194,113,103,89,127,165,187,146,97,141,91,61,36,142,78,175,162,80,190,193,117,198,156,24,1,16,27,38,
60,148,47,94,66,57,172,179,185,86,95,130,99,22,166,194,113,176,26,103,114,137,127,89,163,187,153,81,77,141,91,61,36,175,78,142,45,5,177,21,82,111,8,104,138,182,139,168,195,145,15,3,70,13,132,169,188,6,147,115,10,133,122,63,135,38,1,117,31,131,90,51,121,118,74,134,11,33,160,29,0,109,35,143,106,124,128,62,18,55,34,170,152,183,140,4,149,28,59,20,
35,109,29,69,189,155,145,15,3,70,161,188,6,169,132,13,195,168,43,134,139,11,182,138,33,160,144,56,104,8,82,87,21,177,5,45,142,78,175,36,61,91,141,77,97,146,187,165,127,89,103,137,114,113,194,166,52,172,179,185,22,99,130,95,86,183,140,199,9,148,47,66,94,60,20,59,28,149,4,152,170,34,55,18,62,128,124,143,159,106,64,176,180,163,186,153,81,50,111,0,
54,73,164,31,193,136,45,5,177,21,104,138,182,139,168,195,145,15,3,70,161,13,132,169,188,6,192,147,115,10,133,122,72,107,40,100,63,102,135,131,125,90,191,120,51,121,118,74,134,11,49,33,160,29,109,35,0,144,111,8,82,58,77,81,153,163,176,106,124,62,86,95,130,185,179,166,194,113,103,89,127,165,187,146,97,141,91,61,36,142,78,175,162,190,80,30,156,1,198,117,
54,73,164,31,136,45,5,177,21,104,138,182,139,168,195,145,15,3,70,161,13,132,169,188,6,192,147,115,10,133,122,72,107,40,100,63,102,135,131,125,90,191,120,51,121,118,74,134,11,49,33,160,29,109,35,0,144,111,8,82,58,77,81,153,163,176,106,124,62,18,55,183,86,95,130,185,179,166,194,113,103,89,127,165,187,146,97,141,91,61,36,142,78,175,162,80,190,193,198,117,
122,90,191,125,131,38,27,16,1,156,198,117,193,31,164,73,54,151,19,112,121,116,51,98,118,74,85,134,139,182,138,33,160,144,104,8,82,21,177,5,45,142,78,175,36,61,91,141,77,146,187,165,127,89,103,113,194,166,179,185,130,95,86,106,176,163,153,81,111,0,35,109,29,11,43,168,195,13,145,15,3,70,161,132,169,188,6,192,147,115,10,133,72,107,40,100,63,102,32,135,
109,35,0,111,50,81,153,186,163,180,176,64,106,159,143,124,128,62,18,55,34,170,152,4,149,28,59,20,60,94,66,47,148,9,199,140,183,86,95,130,99,22,185,179,172,52,166,194,113,114,137,103,89,127,165,187,146,97,77,141,91,61,36,175,78,142,45,5,177,21,87,82,8,104,56,144,160,33,138,182,11,139,134,43,168,195,13,132,169,6,188,161,70,3,15,145,155,189,69,29,
62,124,106,159,143,35,0,29,109,111,50,81,153,186,163,103,89,127,114,137,165,187,146,97,77,141,91,79,61,36,175,78,142,45,5,177,21,87,82,8,104,56,144,160,33,138,182,11,139,43,168,195,126,6,188,169,132,13,145,15,70,3,189,155,184,170,152,4,149,28,59,20,60,94,66,47,148,9,199,140,183,95,130,99,22,185,179,172,52,166,194,113,180,176,86,128,83,34,55,18,
111,50,81,153,186,163,180,176,64,106,159,143,124,128,62,18,55,34,170,152,4,149,28,59,20,60,94,66,47,148,9,199,140,183,86,95,130,99,22,185,179,172,52,166,194,113,114,137,103,89,127,165,187,146,97,77,141,91,61,36,175,78,142,45,5,177,21,87,82,8,104,56,144,160,33,138,182,11,139,134,43,168,195,13,132,169,6,188,161,70,3,15,145,155,189,69,29,109,35,0,
91,175,78,142,45,5,177,21,104,138,182,139,168,195,145,15,3,70,161,13,132,169,188,6,192,147,115,10,133,122,72,107,40,100,63,135,38,27,16,1,156,198,117,193,31,73,54,151,19,112,131,125,90,191,120,51,121,118,74,134,11,49,33,160,29,109,35,0,144,111,8,82,58,77,81,153,163,176,106,124,62,18,86,95,130,185,179,166,194,113,103,89,127,165,187,146,97,141,36,61,
29,109,35,37,111,81,153,163,176,106,124,62,18,55,34,170,152,140,183,86,95,130,99,22,185,179,172,166,194,113,114,137,103,89,127,165,187,146,97,77,141,91,61,36,175,78,142,45,5,177,21,82,8,104,138,182,139,168,195,145,15,3,70,13,132,169,188,6,147,115,10,133,122,72,107,40,63,135,38,27,16,1,156,198,117,193,31,54,151,131,90,51,121,118,74,134,11,33,160,0,
122,90,191,125,51,98,118,74,85,134,139,182,138,33,160,144,104,8,82,21,177,5,45,142,78,175,36,61,91,141,77,146,187,165,127,89,103,113,194,166,179,185,130,95,86,62,124,106,176,163,153,81,111,0,35,109,29,11,43,168,195,13,145,15,3,70,161,132,169,188,6,192,147,115,10,133,72,107,40,100,63,92,38,27,16,1,156,198,117,193,31,164,73,54,151,19,112,121,131,135,
109,35,0,39,160,33,144,111,41,81,153,186,163,180,176,64,106,159,143,124,128,62,18,55,34,170,152,4,149,28,59,20,60,94,66,47,148,9,199,140,183,86,95,130,99,22,185,179,172,166,194,113,114,137,103,89,127,165,187,146,97,77,141,91,61,36,175,78,142,45,5,177,21,87,82,8,56,104,138,182,11,139,134,43,168,195,13,132,169,6,188,161,70,3,15,145,155,189,69,29,
72,133,10,115,147,192,6,188,169,132,161,70,3,15,145,13,195,168,43,11,29,109,35,0,111,81,153,163,176,106,124,86,95,130,185,179,166,194,113,103,89,127,165,187,146,77,141,91,61,36,175,78,142,45,5,177,21,82,8,104,144,160,33,138,182,139,134,85,74,118,98,51,116,121,112,19,151,54,73,164,31,193,117,198,156,1,16,27,38,131,125,191,90,122,135,102,63,100,40,107,
29,109,35,143,106,124,128,62,18,55,34,170,152,140,183,95,130,99,9,199,4,149,28,59,20,60,148,47,94,66,57,172,179,185,86,166,194,176,113,26,103,114,137,127,89,163,187,153,97,141,77,81,41,111,82,21,8,104,138,182,139,168,195,145,15,3,70,13,132,169,188,6,147,115,10,133,122,63,135,38,27,1,156,198,117,193,31,54,151,131,90,51,121,118,74,134,11,33,160,0,
54,31,193,164,73,136,45,5,177,21,104,138,182,139,168,195,145,15,3,70,161,13,132,169,188,6,192,147,115,10,133,122,72,107,40,100,63,102,135,131,125,90,191,120,51,121,118,74,134,11,49,33,160,29,109,35,0,144,111,8,82,58,77,81,153,163,176,106,124,86,95,130,185,179,166,194,113,103,89,127,165,187,146,97,141,91,61,36,142,78,175,162,190,80,108,42,156,1,198,117,
195,145,15,3,70,13,132,169,188,6,192,147,115,10,133,122,72,107,40,100,63,135,38,27,16,1,156,198,117,193,31,73,54,151,19,112,131,90,191,51,121,158,25,182,138,33,160,144,104,8,82,21,177,5,45,142,78,175,36,61,91,141,77,146,187,165,127,89,103,113,194,166,179,185,130,95,86,183,152,55,18,62,124,106,176,163,153,81,111,0,35,109,29,11,139,118,74,134,43,168,
72,17,107,40,100,63,102,135,38,27,16,1,156,198,117,193,31,164,73,54,151,19,112,131,121,116,158,25,182,138,33,160,144,104,8,82,21,177,5,45,142,78,175,36,61,91,141,77,146,187,165,127,89,103,113,194,166,179,185,95,86,176,163,153,81,111,0,35,109,29,11,139,43,168,195,145,15,3,70,13,132,169,188,6,134,74,118,98,51,125,90,191,71,147,115,178,10,133,44,122,
78,36,61,91,141,97,146,187,165,127,89,103,113,194,166,179,185,130,95,86,18,62,124,106,176,163,153,81,77,58,82,8,111,144,0,35,109,29,160,33,49,11,134,74,118,121,51,120,191,90,125,131,112,19,151,54,73,31,193,117,198,156,1,16,27,38,135,63,100,40,107,72,122,133,10,115,147,192,6,188,169,132,13,161,70,3,15,145,195,168,139,182,138,104,21,177,5,45,142,175,
80,46,162,175,78,142,36,61,91,141,97,146,187,165,127,89,103,113,194,166,179,185,130,95,86,55,18,62,124,106,176,163,153,81,77,58,82,8,111,144,0,35,109,29,160,33,49,11,134,74,118,121,51,120,191,90,125,131,135,102,63,100,40,107,72,122,133,10,115,147,192,6,188,169,132,13,161,70,3,15,145,195,168,139,182,138,104,21,177,5,45,136,73,164,31,54,117,198,193,190,
66,57,172,179,185,86,95,130,99,22,166,194,113,176,26,103,114,137,127,89,163,187,153,81,77,141,91,61,36,175,78,142,45,5,177,21,82,111,8,104,138,182,139,168,195,145,15,3,70,13,132,169,188,6,147,115,10,133,122,63,135,38,1,117,31,131,90,51,121,118,74,134,11,33,160,29,0,109,35,143,106,124,128,62,18,55,34,170,152,183,140,4,149,28,59,148,20,60,47,94,
179,172,57,66,94,47,148,60,20,59,28,149,4,199,9,99,22,185,86,95,130,183,140,152,170,34,55,18,62,128,124,106,143,35,109,0,29,160,33,11,134,74,118,121,51,90,131,1,135,63,122,133,10,115,147,6,188,169,132,13,70,3,15,145,195,168,139,182,138,104,8,111,82,21,177,5,45,142,78,175,36,61,91,141,77,81,153,187,163,89,127,137,114,103,26,176,113,194,48,166,
160,144,104,8,82,21,177,5,45,142,78,175,36,61,91,141,77,97,146,187,165,127,89,103,137,114,113,194,166,172,179,185,22,99,130,95,86,183,140,152,170,34,55,18,62,124,106,176,163,153,81,111,0,35,109,29,49,11,134,74,118,121,51,90,131,151,54,31,193,117,198,156,1,16,27,38,135,63,40,107,122,133,10,115,147,6,188,169,132,13,70,3,15,145,195,168,139,182,138,33,
141,97,146,187,165,127,89,103,137,114,113,194,166,172,179,185,22,99,130,95,86,183,140,152,170,34,55,18,62,128,124,143,106,64,176,180,163,153,81,50,111,35,109,0,29,160,33,11,134,74,118,121,51,191,90,131,19,151,54,73,31,193,117,198,156,1,16,27,38,135,63,100,40,107,72,122,133,10,115,147,192,6,188,169,132,13,70,3,15,145,195,168,139,182,138,104,8,21,82,77,
131,112,19,151,54,73,164,31,193,117,198,156,1,16,27,38,135,102,63,100,40,107,72,10,133,122,90,191,125,51,98,118,74,134,147,6,188,169,132,13,70,3,15,145,195,168,43,139,11,29,109,35,0,111,81,153,163,176,106,124,62,18,86,95,130,185,179,166,194,113,103,89,127,165,187,146,77,141,91,61,36,175,78,142,45,5,177,21,82,8,104,144,160,33,138,182,25,158,116,121,
66,94,47,148,60,20,59,28,149,4,199,9,99,22,185,86,95,130,183,140,152,170,34,55,18,62,128,124,106,143,35,109,0,29,160,33,11,134,74,118,121,51,90,131,1,38,135,63,122,133,10,115,147,6,188,169,132,13,70,3,15,145,195,168,139,182,138,104,8,111,82,21,177,5,45,142,78,175,36,61,91,141,77,81,153,187,163,89,127,137,114,103,26,176,113,194,166,52,172,179,
170,34,55,18,62,128,124,106,143,35,109,0,29,160,33,11,134,74,118,121,51,90,131,1,38,135,63,122,133,10,115,147,6,188,169,132,13,70,3,15,145,195,168,139,182,138,104,8,111,82,21,177,5,45,142,78,175,36,61,91,141,77,81,153,187,163,89,127,137,114,103,26,176,113,194,166,86,185,179,172,57,66,94,47,148,60,20,59,28,149,4,199,9,99,130,95,183,140,53,152,
198,193,80,190,162,175,78,142,36,61,91,141,97,146,187,165,127,89,103,113,194,166,179,185,130,95,86,183,55,18,62,124,106,176,163,153,81,77,58,82,8,111,144,0,35,109,29,160,33,49,11,134,74,118,121,51,120,191,90,125,131,135,102,63,100,40,107,72,122,133,10,115,147,192,6,188,169,132,13,161,70,3,15,145,195,168,139,182,138,104,21,177,5,45,136,31,164,73,54,117,
62,124,106,159,143,35,0,29,109,111,50,81,153,186,163,103,89,127,114,137,165,187,146,97,77,141,91,79,61,36,175,78,142,45,5,177,21,87,82,8,104,56,144,160,33,138,182,11,139,43,168,195,126,6,188,169,132,13,145,15,70,3,189,155,184,170,152,4,149,28,59,20,60,94,66,47,148,9,199,140,183,95,130,99,22,185,179,172,52,166,194,113,180,176,86,128,83,34,55,18,
82,21,58,77,81,153,163,176,166,194,113,103,89,127,165,187,146,97,141,91,61,36,175,78,142,45,5,177,25,104,138,182,139,168,195,145,15,3,70,161,13,132,169,188,6,192,147,115,178,10,133,122,72,107,40,100,63,96,135,38,27,16,1,156,198,117,193,31,164,73,54,151,19,112,131,125,90,191,71,120,51,121,98,118,74,85,134,43,11,49,33,160,29,109,35,0,111,144,56,8,
47,148,60,20,59,28,149,4,140,183,152,170,34,55,18,62,128,124,106,143,35,109,0,29,160,33,11,134,74,118,121,51,90,131,31,117,1,38,135,63,122,133,10,115,147,6,188,169,132,13,70,3,15,145,195,168,139,182,138,104,8,111,82,21,177,5,45,142,78,175,36,61,91,141,77,81,153,187,163,89,127,137,114,103,26,176,113,194,166,22,99,130,95,86,185,179,172,57,66,94,
81,153,163,176,106,124,62,18,86,95,130,185,179,166,194,113,103,89,127,165,187,146,97,141,91,61,36,175,78,142,45,5,177,21,104,138,182,139,168,195,145,15,3,70,161,13,132,169,188,6,192,147,115,10,133,122,72,107,40,100,63,135,38,27,16,1,156,198,117,193,31,73,54,151,19,112,131,125,90,191,120,51,121,118,74,134,11,49,33,160,29,109,35,0,144,111,8,82,58,77,
60,148,47,94,66,57,172,179,185,86,95,130,99,22,166,194,113,176,26,103,114,137,127,89,163,187,153,81,77,141,91,61,36,175,78,142,45,5,177,21,82,111,8,104,138,182,139,168,195,145,15,3,70,13,132,169,188,6,147,115,10,133,122,63,135,38,1,117,31,131,90,51,121,118,74,134,11,33,160,29,0,109,35,143,106,124,128,62,18,55,34,170,152,183,140,4,149,28,59,20,
59,28,149,4,140,183,152,170,34,55,18,62,128,124,106,143,35,109,0,29,160,33,11,134,74,118,121,51,90,131,54,31,193,117,1,38,135,63,122,133,10,115,147,6,188,169,132,13,70,3,15,145,195,168,139,182,138,104,8,111,82,21,177,5,45,142,78,175,36,61,91,141,77,81,153,187,163,89,127,137,114,103,26,176,113,194,166,130,95,86,185,179,22,99,148,47,66,94,60,20,
141,97,146,187,165,127,89,103,113,194,166,179,185,130,95,86,18,62,124,106,176,163,153,81,77,58,82,8,111,144,0,35,109,29,160,33,49,11,134,74,118,121,51,120,191,90,125,131,112,19,151,54,73,31,193,117,198,156,1,16,27,38,135,63,100,40,107,72,122,133,10,115,147,192,6,188,169,132,13,161,70,3,15,145,195,168,139,182,138,104,21,177,5,45,142,78,175,91,61,36,
55,34,83,128,86,176,180,113,194,166,52,172,179,185,22,99,130,95,183,140,199,9,148,47,66,94,60,20,59,28,149,4,152,170,184,155,189,3,70,15,145,13,132,169,188,6,126,195,168,43,139,11,182,138,33,160,144,56,104,8,82,87,21,177,5,45,142,78,175,36,61,79,91,141,77,97,146,187,165,137,114,127,89,103,163,186,153,81,50,111,109,29,0,35,143,159,106,124,62,18,
122,90,191,125,131,38,27,16,1,156,198,117,193,31,164,73,54,151,19,112,121,116,51,98,118,74,85,134,139,182,138,33,160,144,104,8,82,21,177,5,45,142,78,175,36,61,91,141,77,146,187,165,127,89,103,113,194,166,179,185,130,95,86,124,106,176,163,153,81,111,0,35,109,29,11,43,168,195,13,145,15,3,70,161,132,169,188,6,192,147,115,10,133,72,107,40,100,63,102,135,
180,129,153,81,111,35,109,0,29,160,33,11,134,74,118,121,51,90,131,31,117,1,38,135,63,122,133,10,115,147,6,188,169,132,13,70,3,15,145,195,168,139,182,138,104,8,21,82,77,141,97,146,187,165,163,89,127,137,114,103,26,113,194,166,52,172,179,185,99,130,22,66,94,47,148,60,20,59,28,149,4,199,140,183,174,152,170,34,55,18,62,124,143,159,106,128,95,86,64,176,
6,188,65,161,70,3,155,184,170,152,140,183,95,130,22,99,9,199,4,149,28,59,20,60,148,47,94,66,57,172,179,185,86,166,194,113,176,180,26,103,114,137,127,89,163,165,187,146,153,81,77,97,141,91,79,61,36,175,78,142,45,5,177,21,87,82,111,144,56,8,104,138,182,139,11,49,33,160,29,0,109,35,143,159,106,124,128,62,18,55,34,189,15,145,195,168,126,13,132,169,
47,60,20,148,59,28,149,4,140,183,152,170,34,55,18,62,128,124,106,143,35,109,0,29,160,33,11,134,74,118,121,51,90,131,31,117,1,38,135,63,122,133,10,115,147,6,188,169,132,13,70,3,15,145,195,168,139,182,138,104,8,111,82,21,177,5,45,142,78,175,36,61,91,141,77,81,153,187,163,89,127,137,114,103,26,176,113,194,166,22,99,130,95,86,185,179,172,57,66,94,
122,133,10,72,107,40,100,63,102,135,38,27,16,1,156,198,117,193,31,164,73,54,151,19,112,131,121,116,158,25,182,138,33,160,144,104,8,82,21,177,5,45,142,78,175,36,61,91,141,77,146,187,165,127,89,103,113,194,166,179,185,130,95,86,124,106,176,163,153,81,111,0,35,109,29,11,139,43,168,195,145,15,3,70,13,132,169,188,6,134,74,118,98,51,120,67,71,147,191,90,
104,138,182,139,168,195,145,15,3,70,161,13,132,169,188,6,192,147,115,10,133,122,72,107,40,100,63,135,38,27,16,1,156,198,117,193,31,73,54,151,19,112,131,125,90,191,120,51,121,118,74,134,11,49,33,160,29,0,109,35,37,111,68,82,21,58,77,81,153,163,176,106,124,86,95,130,185,179,166,194,113,103,89,127,165,187,146,97,141,91,61,36,175,78,142,45,5,177,171,8,
145,15,3,70,161,188,6,169,132,13,195,168,43,134,139,11,182,138,33,160,144,56,104,8,82,87,21,177,5,45,142,78,175,36,61,79,91,141,77,97,146,187,165,127,89,103,137,114,26,113,194,166,52,172,179,185,22,99,130,95,86,183,140,199,9,148,47,66,94,60,20,59,28,149,4,152,170,34,55,18,62,128,124,143,159,106,64,176,180,163,186,153,81,50,111,0,35,109,69,29,
155,184,170,152,140,183,95,130,22,99,9,199,4,149,28,59,20,60,148,47,94,66,57,172,52,179,185,86,166,194,113,176,180,26,103,114,137,127,89,163,165,187,146,153,81,77,97,141,91,79,61,36,175,78,142,45,5,177,21,87,82,111,144,56,8,104,138,182,139,11,49,33,160,29,0,109,35,143,159,106,124,128,62,18,55,34,189,15,145,195,168,126,13,132,169,6,188,161,70,3,
122,133,10,72,107,40,100,63,102,135,38,27,16,1,156,198,117,193,31,164,73,54,151,19,112,131,121,116,118,98,51,85,134,139,182,138,33,160,144,104,8,82,21,177,5,45,142,78,175,36,61,91,141,77,146,187,165,127,89,103,113,194,166,179,185,130,95,86,18,62,124,106,176,163,153,81,111,0,35,109,29,11,43,168,195,13,145,15,3,70,161,132,169,188,6,192,147,71,191,90,
107,72,133,10,115,147,192,6,188,169,132,161,70,3,15,145,13,195,168,43,11,29,109,35,0,111,81,153,163,176,106,124,86,95,130,185,179,166,194,113,103,89,127,165,187,146,77,141,91,61,36,175,78,142,45,5,177,21,82,8,104,144,160,33,138,182,139,134,85,74,118,98,51,116,121,112,19,151,54,73,164,31,193,117,198,156,1,16,27,38,131,125,191,90,122,135,102,63,100,40,
198,193,80,190,162,175,78,142,36,61,91,141,97,146,187,165,127,89,103,113,194,166,179,185,130,95,86,183,55,18,62,124,106,176,163,153,81,77,58,82,8,111,144,0,35,109,29,160,33,49,11,134,74,118,121,51,120,191,90,125,131,135,102,63,100,40,107,72,122,133,10,115,147,192,6,188,169,132,13,161,70,3,15,145,195,168,139,182,138,104,21,177,5,45,136,31,164,73,54,117,
131,1,135,102,63,100,40,107,72,133,122,90,125,51,98,118,74,134,147,6,188,169,132,13,70,3,15,145,195,168,43,139,11,49,29,109,35,0,111,50,81,153,163,180,176,106,124,128,62,18,55,34,170,152,140,183,86,95,130,99,22,185,179,172,166,194,113,114,137,103,89,127,165,187,146,97,77,141,91,61,36,175,78,142,45,5,177,21,87,82,8,104,144,160,33,138,182,25,158,121,
127,165,89,187,146,97,141,77,82,21,8,104,138,182,139,168,195,145,15,3,70,13,132,169,188,6,147,115,10,133,122,63,135,38,1,117,131,90,51,121,118,74,134,11,33,160,29,0,109,35,111,81,153,186,163,103,26,180,176,64,106,159,143,124,128,62,18,55,34,170,152,140,183,130,95,86,185,22,99,9,199,4,149,28,59,20,60,148,47,94,66,57,172,179,166,194,113,114,75,137,
180,176,194,86,128,106,159,143,124,62,18,55,34,170,152,53,4,149,28,59,20,60,94,66,47,148,9,199,140,183,95,130,99,22,185,179,172,52,166,76,114,137,127,165,89,187,146,97,141,77,82,21,8,104,138,182,139,168,195,145,15,3,70,13,132,169,188,6,147,115,10,133,122,63,135,38,1,117,131,90,51,121,118,74,134,11,33,160,29,0,109,35,111,81,153,186,163,103,26,113,
97,146,187,165,127,89,103,137,114,26,113,194,166,52,172,179,185,22,99,130,95,86,183,140,199,9,148,47,66,94,60,20,59,28,149,4,152,170,34,55,18,62,128,124,143,159,106,64,176,180,163,186,153,81,111,35,109,0,29,160,33,11,134,74,118,121,51,90,131,31,117,1,38,135,63,122,133,10,115,147,6,188,169,132,13,70,3,15,145,195,168,139,182,138,104,8,21,82,77,141,
142,45,5,177,21,104,138,182,139,168,195,145,15,3,70,161,13,132,169,188,6,192,147,115,10,133,122,72,107,40,100,63,135,38,27,16,1,156,198,117,193,31,73,54,151,19,112,131,125,90,191,120,51,121,118,74,134,11,49,33,160,29,109,35,0,144,111,8,82,58,77,81,153,163,176,106,124,62,18,86,95,130,185,179,166,194,113,103,89,127,165,187,146,97,141,91,61,36,78,175,
61,79,91,175,78,142,45,5,177,21,104,138,182,139,168,195,145,15,3,70,161,13,132,169,188,6,192,147,115,10,133,122,72,107,40,100,63,135,38,27,16,1,156,198,117,193,31,73,54,151,19,112,131,125,90,191,120,51,121,118,74,134,11,49,33,160,29,109,35,0,144,111,8,82,58,77,81,153,163,176,106,124,62,86,95,130,185,179,166,194,113,103,89,127,165,187,146,97,141,36,
193,198,117,54,31,164,73,136,45,5,177,21,104,138,182,139,168,195,145,15,3,70,161,13,132,169,188,6,192,147,115,10,133,122,72,107,40,100,63,102,135,131,125,90,191,120,51,121,118,74,134,11,49,33,160,29,109,35,0,144,111,8,82,58,77,81,153,163,176,106,124,62,18,55,183,86,95,130,185,179,166,194,113,103,89,127,165,187,146,97,141,91,61,36,142,78,175,162,80,190,
141,97,146,187,165,127,89,103,137,114,26,113,194,166,52,172,179,185,22,99,130,95,86,183,140,199,9,148,47,66,94,60,20,59,28,149,4,152,170,34,55,18,62,128,124,143,159,106,64,176,180,163,186,153,81,111,35,109,0,29,160,33,11,134,74,118,121,51,90,131,31,117,1,38,135,63,122,133,10,115,147,6,188,169,132,13,70,3,15,145,195,168,139,182,138,104,8,21,82,77,
104,56,144,33,160,0,35,109,29,69,189,155,145,15,3,70,161,188,6,169,132,13,195,168,43,134,139,11,138,182,25,177,5,45,142,78,175,36,61,91,141,97,146,187,165,127,89,103,137,114,113,194,166,172,179,185,22,99,130,95,86,183,140,199,9,148,47,66,94,60,20,59,28,149,4,152,170,34,55,18,62,128,124,143,159,106,64,176,180,163,186,153,81,77,58,21,87,82,111,8,
62,109,29,0,35,160,33,11,134,74,118,121,51,90,131,1,38,135,63,122,133,10,115,147,6,188,169,132,13,70,3,15,145,195,168,139,182,138,104,8,21,82,111,41,143,159,106,124,128,64,176,180,129,153,81,77,141,97,146,187,165,163,89,127,137,114,103,26,113,194,166,86,185,179,172,57,66,94,47,148,60,20,59,28,149,4,199,9,99,22,130,95,183,140,152,170,83,55,34,18,
70,84,155,189,69,109,35,0,29,111,50,81,153,186,163,180,176,64,106,159,143,124,128,62,18,55,34,170,152,4,149,28,59,20,60,94,66,47,148,9,199,140,183,86,95,130,99,22,185,179,172,52,166,194,113,114,137,103,89,127,165,187,146,97,77,141,91,61,36,175,78,142,45,5,177,21,87,82,8,104,56,144,160,33,138,182,11,139,43,168,195,126,6,188,169,132,13,145,15,3,
43,139,11,182,138,33,160,144,104,8,82,21,177,5,45,142,78,175,36,61,91,141,77,97,146,187,165,127,89,103,113,194,166,179,185,99,130,95,86,183,140,152,170,34,55,18,62,124,106,176,163,153,81,111,0,35,109,29,168,195,13,145,15,3,70,132,169,188,6,147,115,10,133,122,72,107,40,100,63,135,38,27,16,1,156,198,117,193,31,54,151,131,90,191,51,121,118,74,85,134,
95,86,130,99,22,66,94,47,148,60,20,59,28,149,4,199,9,183,140,152,170,34,55,18,62,128,124,106,143,35,109,0,29,160,33,11,134,74,118,121,51,90,131,117,1,38,135,63,122,133,10,115,147,6,188,169,132,13,70,3,15,145,195,168,139,182,138,104,8,111,82,21,177,5,45,142,78,175,36,61,91,141,77,81,153,187,163,89,127,137,114,103,26,176,113,194,166,172,179,185,
58,77,81,153,186,163,180,176,64,106,159,143,124,128,62,18,55,34,170,152,4,149,28,59,20,60,94,66,47,148,9,199,140,183,86,95,130,99,22,185,179,172,166,194,113,114,137,103,89,127,165,187,146,97,141,91,61,36,175,78,142,45,5,177,25,182,138,11,139,134,43,168,195,13,132,169,6,188,161,70,3,15,145,155,189,69,29,109,35,0,160,33,144,56,104,8,111,82,87,21,
113,194,166,179,172,57,66,94,47,148,60,20,59,28,149,4,199,9,99,22,185,86,95,130,183,140,152,170,34,55,18,62,128,124,106,143,35,109,0,29,160,33,11,134,74,118,121,51,90,131,117,1,38,135,63,122,133,10,115,147,6,188,169,132,13,70,3,15,145,195,168,139,182,138,104,8,111,82,21,177,5,45,142,78,175,36,61,91,141,77,81,153,187,163,89,127,103,26,88,176,
137,114,103,26,113,194,166,52,172,179,185,22,99,130,95,86,183,140,199,9,148,47,66,94,60,20,59,28,149,4,152,170,34,55,18,62,128,124,143,159,106,64,176,180,129,153,81,111,35,109,0,29,160,33,11,134,74,118,121,51,90,131,31,117,1,38,135,63,122,133,10,115,147,6,188,169,132,13,70,3,15,145,195,168,139,182,138,104,8,21,82,77,141,97,146,187,165,163,89,127,
116,158,25,182,138,33,160,144,104,8,82,21,177,5,45,142,78,175,36,61,91,141,77,146,187,165,127,89,103,113,194,166,179,185,130,95,86,18,62,124,106,176,163,153,81,111,0,35,109,29,11,139,43,168,195,145,15,3,70,13,132,169,188,6,147,134,74,118,98,51,125,191,90,122,133,10,72,107,40,100,63,102,135,38,27,16,1,156,198,117,193,31,164,73,54,151,19,112,131,121,
61,91,175,78,142,45,5,177,21,104,138,182,139,168,195,145,15,3,70,161,13,132,169,188,6,192,147,115,10,133,122,72,107,40,100,63,135,38,27,16,1,156,198,117,193,31,73,54,151,19,112,131,125,90,191,120,51,121,118,74,134,11,49,33,160,29,109,35,0,144,111,8,82,58,77,81,153,163,176,106,124,62,18,86,95,130,185,179,166,194,113,103,89,127,165,187,146,97,141,36,
100,40,107,72,133,10,115,147,192,6,188,169,132,161,70,3,15,145,13,195,168,43,11,29,109,35,0,111,81,153,163,176,106,86,95,130,185,179,166,194,113,103,89,127,165,187,146,77,141,91,61,36,175,78,142,45,5,177,21,82,8,104,144,160,33,138,182,139,134,85,74,118,98,51,116,121,112,19,151,54,73,164,31,193,117,198,156,1,16,27,38,131,125,191,90,122,135,102,92,63,
52,172,179,185,22,99,130,95,183,140,199,9,148,47,66,94,60,20,59,28,149,4,53,152,170,34,55,18,62,124,143,159,106,128,86,194,176,180,113,26,103,163,186,153,81,111,35,109,0,29,160,33,11,134,74,118,121,51,90,131,1,135,63,122,133,10,115,147,6,188,169,132,13,70,3,15,145,195,168,139,182,138,104,8,21,82,77,141,97,146,187,89,165,127,137,114,75,93,48,166,
60,20,148,59,28,149,4,140,183,152,170,34,55,18,62,128,124,106,143,35,109,0,29,160,33,11,134,74,118,121,51,90,131,31,117,1,38,135,63,122,133,10,115,147,6,188,169,132,13,70,3,15,145,195,168,139,182,138,104,8,111,82,21,177,5,45,142,78,175,36,61,91,141,77,81,153,187,163,89,127,137,114,103,26,176,113,194,166,22,99,130,95,86,185,179,172,57,66,94,47,
179,172,166,194,113,176,26,103,114,137,127,89,163,187,153,81,77,141,91,61,36,175,78,142,45,5,177,21,82,111,8,104,138,182,139,168,195,145,15,3,70,13,132,169,188,6,147,115,10,133,122,63,135,38,1,117,131,90,51,121,118,74,134,11,33,160,29,0,109,35,143,106,124,128,62,18,55,34,170,152,140,183,9,199,4,149,28,59,20,60,148,47,94,66,22,99,130,86,95,185,
100,40,107,72,133,10,115,147,192,6,188,169,132,161,70,3,15,145,13,195,168,43,11,29,109,35,0,111,81,153,163,176,106,124,86,95,130,185,179,166,194,113,103,89,127,165,187,146,77,141,91,61,36,175,78,142,45,5,177,21,82,8,104,144,160,33,138,182,139,134,85,74,118,98,51,116,121,112,19,151,54,73,164,31,193,117,198,156,1,16,27,38,131,125,191,90,122,135,96,63,
141,97,146,187,165,127,89,103,137,114,26,113,194,166,52,172,179,185,22,99,130,95,86,183,140,199,9,148,47,66,94,60,20,59,28,149,4,152,170,34,55,18,62,128,124,143,159,106,64,176,180,163,186,153,81,111,35,109,0,29,160,33,11,134,74,118,121,51,90,131,31,117,1,38,135,63,122,133,10,115,147,6,188,169,132,13,70,3,15,145,195,168,139,182,138,104,8,21,82,77,
131,112,19,151,54,73,164,31,193,117,198,156,1,16,27,38,135,102,63,100,40,107,72,10,133,122,90,191,125,51,98,118,74,134,147,6,188,169,132,13,70,3,15,145,195,168,43,139,11,29,109,35,0,111,81,153,163,176,106,124,62,18,86,95,130,185,179,166,194,113,103,89,127,165,187,146,77,141,91,61,36,175,78,142,45,5,177,21,82,8,104,144,160,33,138,182,25,158,116,121,
86,166,194,113,176,26,103,114,137,127,89,163,187,153,81,77,141,91,61,36,175,78,142,45,5,177,21,82,111,8,104,138,182,139,168,195,145,15,3,70,13,132,169,188,6,147,115,10,133,122,63,135,38,1,117,131,90,51,121,118,74,134,11,33,160,29,0,109,35,143,106,124,128,62,18,55,34,170,152,140,183,95,130,99,9,199,4,149,28,59,20,60,148,47,94,66,57,172,179,185,
107,100,72,133,10,115,147,192,6,188,169,132,161,70,3,15,145,13,195,168,43,11,29,109,35,0,111,81,153,163,176,106,124,86,95,130,185,179,166,194,113,103,89,127,165,187,146,77,141,91,61,36,175,78,142,45,5,177,21,82,8,104,144,160,33,138,182,139,134,85,74,118,98,51,116,121,112,19,151,54,73,164,31,193,117,198,156,1,16,27,38,131,125,191,90,122,135,102,63,40,
59,20,60,148,47,94,66,57,172,179,185,86,95,130,99,22,166,194,113,176,26,103,114,137,127,89,163,187,153,81,77,141,91,61,36,175,78,142,45,5,177,21,82,111,8,104,138,182,139,168,195,145,15,3,70,13,132,169,188,6,147,115,10,133,122,63,135,38,1,117,131,90,51,121,118,74,134,11,33,160,29,0,109,35,143,106,124,128,62,18,55,34,170,152,183,140,4,149,101,28,
100,40,107,72,133,10,115,147,192,6,188,169,132,161,70,3,15,145,13,195,168,43,11,29,109,35,0,111,81,153,163,176,106,124,86,95,130,185,179,166,194,113,103,89,127,165,187,146,77,141,91,61,36,175,78,142,45,5,177,21,82,8,104,144,160,33,138,182,139,134,85,74,118,98,51,116,121,112,19,151,54,73,164,31,193,117,198,156,1,16,27,38,131,125,191,90,122,135,102,63,
194,166,52,172,179,185,22,99,130,95,86,183,140,199,9,148,47,66,94,60,20,59,28,149,4,152,170,34,55,18,62,128,124,143,159,106,64,176,180,129,153,81,111,35,109,0,29,160,33,11,134,74,118,121,51,90,131,31,117,1,38,135,63,122,133,10,115,147,6,188,169,132,13,70,3,15,145,195,168,139,182,138,104,8,21,82,77,141,97,146,187,165,163,89,127,137,114,103,26,113,
82,21,177,5,45,142,78,175,36,61,91,141,77,97,146,187,165,127,89,103,137,114,113,194,166,172,179,185,22,99,130,95,86,183,140,152,170,34,55,18,62,124,106,176,163,153,81,41,111,144,0,35,109,29,160,33,11,134,74,118,121,51,90,131,151,54,31,193,117,198,156,1,16,27,38,135,63,40,107,122,133,10,115,147,6,188,169,132,13,70,3,15,145,195,168,139,182,138,104,8,
80,162,175,78,142,36,61,91,141,97,146,187,165,127,89,103,113,194,166,179,185,130,95,86,55,18,62,124,106,176,163,153,81,77,58,82,8,111,144,0,35,109,29,160,33,49,11,134,74,118,121,51,120,191,90,125,131,135,102,63,100,40,107,72,122,133,10,115,147,192,6,188,169,132,13,161,70,3,15,145,195,168,139,182,138,104,21,177,5,45,193,198,117,54,31,164,73,136,105,190,
128,62,34,55,18,109,29,0,35,160,33,11,134,74,118,121,51,90,131,54,31,193,117,156,1,38,135,63,122,133,10,115,147,6,188,169,132,13,70,3,15,145,195,168,139,182,138,104,144,111,8,82,21,177,5,45,142,78,175,36,61,91,141,77,81,153,187,163,89,127,137,114,103,26,113,176,194,166,172,179,185,99,130,66,94,47,148,60,20,59,28,149,4,140,183,95,86,143,106,124,
100,63,102,135,122,90,191,125,131,38,27,16,1,156,198,117,193,31,164,73,54,151,19,112,121,116,51,98,118,74,85,134,139,182,138,33,160,144,104,8,82,21,177,5,45,142,78,175,36,61,91,141,77,146,187,165,127,89,103,113,194,166,179,185,130,95,86,124,106,176,163,153,81,111,0,35,109,29,11,43,168,195,13,145,15,3,70,161,132,169,188,6,192,147,115,10,133,72,107,40,
80,108,42,156,1,198,117,193,54,31,164,73,136,45,5,177,21,104,138,182,139,168,195,145,15,3,70,161,13,132,169,188,6,192,147,115,10,133,122,72,107,40,100,63,102,135,131,125,90,191,120,51,121,118,74,134,11,49,33,160,29,109,35,0,144,111,8,82,58,77,81,153,163,176,106,124,86,95,130,185,179,166,194,113,103,89,127,165,187,146,97,141,91,61,36,142,78,175,162,190,
111,50,81,153,186,163,180,176,64,106,159,143,124,128,62,18,55,34,170,152,4,149,28,59,20,60,94,66,47,148,9,199,140,183,86,95,130,99,22,185,179,172,52,166,194,113,114,137,103,89,127,165,187,146,97,77,141,91,61,36,175,78,142,45,5,177,21,87,82,8,104,56,144,160,33,138,182,11,139,134,43,168,195,13,132,169,6,188,161,70,3,15,145,155,189,69,29,109,35,0,
176,180,129,153,81,111,35,109,0,29,160,33,11,134,74,118,121,51,90,131,31,117,1,38,135,63,122,133,10,115,147,6,188,169,132,13,70,3,15,145,195,168,139,182,138,104,8,21,82,77,141,97,146,187,165,163,89,127,137,114,103,26,113,194,166,52,172,179,185,22,99,130,95,183,140,199,9,148,47,66,94,60,20,59,28,149,4,152,170,34,55,18,62,124,143,159,106,128,110,86,
104,138,182,139,168,195,145,15,3,70,13,132,169,188,6,147,115,10,133,122,72,107,40,100,63,135,38,27,16,1,156,198,117,193,31,54,151,131,90,51,121,118,74,134,11,33,160,29,0,109,35,111,81,153,163,176,106,124,62,18,55,34,170,152,140,183,86,95,130,99,22,185,179,172,166,194,113,114,137,103,89,127,165,187,146,97,77,141,91,61,36,175,78,142,45,5,177,21,82,8,
131,125,51,90,191,71,147,115,178,10,133,122,135,32,96,63,102,92,38,27,16,1,24,156,198,117,193,80,190,162,175,78,142,36,61,91,141,97,146,187,165,127,89,103,113,194,166,179,185,130,95,86,176,163,153,81,77,58,82,8,111,144,0,35,109,29,160,33,49,11,134,6,188,169,132,13,161,70,3,15,145,195,168,139,182,138,104,21,177,5,45,136,31,164,73,54,151,19,112,121,
26,103,114,137,127,89,163,187,153,81,77,141,91,61,36,175,78,142,45,5,177,21,82,111,8,104,138,182,139,168,195,145,15,3,70,13,132,169,188,6,147,115,10,133,122,63,135,38,1,131,90,51,121,118,74,134,11,33,160,29,0,109,35,143,106,124,128,62,18,55,34,170,152,140,183,130,95,86,185,22,99,9,199,4,149,28,59,20,60,148,47,94,66,57,172,179,166,194,113,176,
176,103,127,89,163,187,153,81,77,141,91,61,36,175,78,142,45,5,177,21,82,111,8,104,138,182,139,168,195,145,15,3,70,13,132,169,188,6,147,115,10,133,122,63,135,38,1,117,31,131,90,51,121,118,74,134,11,33,160,29,0,109,35,143,106,124,128,62,18,55,34,170,152,140,183,130,95,86,185,22,99,9,199,4,149,28,59,20,60,148,47,94,66,57,172,179,166,194,114,113,
191,125,131,38,27,16,1,156,198,117,193,31,164,73,54,151,19,112,121,116,51,98,118,74,85,134,139,182,138,33,160,144,104,8,82,21,177,5,45,142,78,175,36,61,91,141,77,146,187,165,127,89,103,113,194,166,179,185,130,95,86,124,106,176,163,153,81,111,0,35,109,29,11,43,168,195,13,145,15,3,70,161,132,169,188,6,192,147,115,10,133,122,72,107,40,100,63,102,135,90,
131,112,19,151,54,73,164,31,193,117,198,156,1,16,27,38,135,102,63,100,40,107,72,10,133,122,90,191,125,51,98,118,74,134,147,6,188,169,132,13,70,3,15,145,195,168,43,139,11,29,109,35,0,111,81,153,163,176,106,124,62,18,86,95,130,185,179,166,194,113,103,89,127,165,187,146,77,141,91,61,36,175,78,142,45,5,177,21,82,8,104,144,160,33,138,182,25,158,116,121,
164,73,54,117,198,193,80,190,162,175,78,142,36,61,91,141,97,146,187,165,127,89,103,113,194,166,179,185,130,95,86,183,55,18,62,124,106,176,163,153,81,77,58,82,8,111,144,0,35,109,29,160,33,49,11,134,74,118,121,51,120,191,90,125,131,135,102,63,100,40,107,72,122,133,10,115,147,192,6,188,169,132,13,161,70,3,15,145,195,168,139,182,138,104,21,177,5,45,136,31,
131,112,19,151,54,73,164,31,193,117,198,156,1,16,27,38,135,102,63,100,40,107,72,10,133,122,90,191,125,51,98,118,74,134,147,6,188,169,132,13,70,3,15,145,195,168,43,139,11,29,109,35,0,111,81,153,163,176,106,124,62,18,86,95,130,185,179,166,194,113,103,89,127,165,187,146,77,141,91,61,36,175,78,142,45,5,177,21,82,8,104,144,160,33,138,182,25,158,116,121,
124,62,18,55,34,128,86,176,180,113,194,166,52,172,179,185,22,99,130,95,183,140,199,9,148,47,66,94,60,20,59,28,149,4,152,170,184,155,189,3,70,15,145,13,132,169,188,6,126,195,168,43,139,11,182,138,33,160,144,56,104,8,82,87,21,177,5,45,142,78,175,36,61,79,91,141,77,97,146,187,165,137,114,127,89,103,163,186,153,81,50,111,109,29,0,35,143,159,119,106,
122,133,10,72,107,40,100,63,102,135,38,27,16,1,156,198,117,193,31,164,73,54,151,19,112,131,121,116,158,25,182,138,33,160,144,104,8,82,21,177,5,45,142,78,175,36,61,91,141,77,146,187,165,127,89,103,113,194,166,179,185,130,95,86,62,124,106,176,163,153,81,111,0,35,109,29,11,139,43,168,195,145,15,3,70,13,132,169,188,6,134,74,118,98,51,120,71,147,191,90,
191,125,51,98,118,74,134,147,6,188,169,132,13,70,3,15,145,195,168,43,139,11,29,109,35,0,111,81,153,163,176,106,124,62,18,86,95,130,185,179,166,194,113,103,89,127,165,187,146,77,141,91,61,36,175,78,142,45,5,177,21,82,8,104,144,160,33,138,182,25,158,116,121,131,112,19,151,54,73,164,31,193,117,198,156,1,16,27,38,135,102,63,100,40,107,72,10,133,122,90,
102,63,100,40,107,72,133,10,115,147,192,6,188,169,132,161,70,3,15,145,13,195,168,43,11,29,109,35,0,111,81,153,163,176,106,124,86,95,130,185,179,166,194,113,103,89,127,165,187,146,77,141,91,61,36,175,78,142,45,5,177,21,82,8,104,144,160,33,138,182,139,134,85,74,118,98,51,116,121,112,19,151,54,73,164,31,193,117,198,156,1,16,27,38,131,125,191,90,122,135,
21,104,138,182,139,168,195,145,15,3,70,161,13,132,169,188,6,192,147,115,10,133,122,72,107,40,100,63,135,38,27,16,1,156,198,117,193,31,73,54,151,19,112,131,125,90,191,120,51,121,118,74,134,11,49,33,160,29,109,35,0,144,111,8,82,58,77,81,153,163,176,106,124,62,86,95,130,185,179,166,194,113,103,89,127,165,187,146,97,141,91,61,36,175,78,142,45,5,123,177,
143,86,95,183,140,4,149,28,59,20,60,148,47,94,66,130,99,185,179,172,166,194,176,113,26,103,114,137,127,89,163,187,153,81,77,141,91,61,36,175,78,142,45,5,177,21,82,8,111,144,104,138,182,139,168,195,145,15,3,70,13,132,169,188,6,147,115,10,133,122,63,135,38,1,156,117,193,31,54,131,90,51,121,118,74,134,11,33,160,35,0,29,109,18,55,34,62,128,124,106,
191,71,147,192,6,188,169,132,161,70,3,15,145,13,195,168,43,11,29,109,35,0,111,81,153,163,176,106,124,86,95,130,185,179,166,194,113,103,89,127,165,187,146,77,141,91,61,36,175,78,142,45,5,177,21,82,8,104,144,160,33,138,182,139,134,85,74,118,98,51,116,121,131,112,19,151,54,73,164,31,193,117,198,156,1,16,27,38,135,102,63,100,40,107,72,10,133,122,125,90,
195,126,13,145,15,3,70,132,169,188,6,147,115,10,133,122,72,107,40,100,63,135,38,27,16,1,156,198,117,193,31,54,151,131,90,191,51,121,118,74,134,43,139,11,182,138,33,160,144,104,8,82,21,177,5,45,142,78,175,36,61,91,141,77,97,146,187,165,127,89,103,113,194,166,179,185,99,130,95,86,183,140,152,170,34,55,18,62,124,106,176,163,153,81,111,0,35,109,29,168,
163,165,187,146,97,141,77,82,21,8,104,138,182,139,168,195,145,15,3,70,13,132,169,188,6,147,115,10,133,122,63,135,38,1,117,31,131,90,51,121,118,74,134,11,33,160,29,0,109,35,111,81,153,129,180,176,64,106,159,143,124,128,62,18,55,34,170,152,4,149,28,59,20,60,94,66,47,148,9,199,140,183,86,95,130,99,22,185,179,172,52,166,194,113,26,103,114,137,127,89,
18,55,34,170,152,140,183,95,130,22,99,9,199,4,149,28,59,20,60,148,47,94,66,57,172,179,185,86,166,194,113,26,103,114,137,127,89,163,165,187,146,97,141,77,82,21,8,104,138,182,139,168,195,145,15,3,70,13,132,169,188,6,147,115,10,133,122,63,135,38,1,117,31,131,90,51,121,118,74,134,11,33,160,29,0,109,35,111,81,153,129,180,176,64,128,106,159,143,124,62,
86,128,106,159,143,124,62,18,55,34,170,152,4,149,28,59,20,60,94,66,47,148,9,199,140,183,95,130,99,22,185,179,172,52,166,194,113,26,103,114,137,127,89,163,165,187,146,97,141,77,82,21,8,104,138,182,139,168,195,145,15,3,70,13,132,169,188,6,147,115,10,133,122,63,135,38,1,117,31,54,131,90,51,121,118,74,134,11,33,160,29,0,109,35,111,81,153,129,180,176,
86,166,194,113,176,26,103,114,137,127,89,163,187,153,81,77,141,91,61,36,175,78,142,45,5,177,21,82,111,8,104,138,182,139,168,195,145,15,3,70,13,132,169,188,6,147,115,10,133,122,63,135,38,1,117,131,90,51,121,118,74,134,11,33,160,29,0,109,35,143,106,124,128,62,18,55,34,170,152,140,183,95,130,99,9,199,4,149,28,59,20,60,148,47,94,66,57,172,179,185,
116,158,25,182,138,33,160,144,104,8,82,21,177,5,45,142,78,175,36,61,91,141,77,146,187,165,127,89,103,113,194,166,179,185,130,95,86,18,62,124,106,176,163,153,81,111,0,35,109,29,11,139,43,168,195,145,15,3,70,13,132,169,188,6,147,134,74,118,98,51,125,191,90,122,133,10,72,107,40,100,63,102,135,38,27,16,1,156,198,117,193,31,164,73,54,151,19,112,131,121,
188,6,147,115,10,133,122,72,107,40,100,63,135,38,27,16,1,156,198,117,193,31,54,151,131,90,191,51,121,118,74,134,43,139,11,182,138,33,160,144,104,8,82,21,177,5,45,142,78,175,36,61,91,141,77,97,146,187,165,127,89,103,113,194,166,179,185,22,99,130,95,86,183,140,152,170,34,55,18,62,124,106,176,163,153,81,111,0,35,109,29,168,195,145,15,3,70,13,132,169,
72,17,107,40,100,63,102,135,38,27,16,1,156,198,117,193,31,164,73,54,151,19,112,131,121,116,158,25,182,138,33,160,144,104,8,82,21,177,5,45,142,78,175,36,61,91,141,77,146,187,165,127,89,103,113,194,166,179,185,130,95,86,176,163,153,81,111,0,35,109,29,11,139,43,168,195,145,15,3,70,13,132,169,188,6,134,74,118,98,51,125,90,191,71,147,115,178,10,133,122,
195,13,145,15,3,70,132,169,188,6,147,115,10,133,122,72,107,40,100,63,135,38,27,16,1,156,198,117,193,31,54,151,131,90,191,51,121,118,74,134,43,139,11,182,138,33,160,144,104,8,82,21,177,5,45,142,78,175,36,61,91,141,77,97,146,187,165,127,89,103,113,194,166,179,185,22,99,130,95,86,183,140,152,170,34,55,18,62,124,106,176,163,153,81,111,0,35,109,29,168,
100,40,107,72,133,10,115,147,192,6,188,169,132,161,70,3,15,145,13,195,168,43,11,29,109,35,0,111,81,153,163,176,106,124,86,95,130,185,179,166,194,113,103,89,127,165,187,146,77,141,91,61,36,175,78,142,45,5,177,21,82,8,104,144,160,33,138,182,139,134,85,74,118,98,51,116,121,112,19,151,54,73,164,31,193,117,198,156,1,16,27,38,131,125,191,90,122,135,102,63,
80,162,175,78,142,36,61,91,141,97,146,187,165,127,89,103,113,194,166,179,185,130,95,86,183,55,18,62,124,106,176,163,153,81,77,58,82,8,111,144,0,35,109,29,160,33,49,11,134,74,118,121,51,120,191,90,125,131,135,102,63,100,40,107,72,122,133,10,115,147,192,6,188,169,132,13,161,70,3,15,145,195,168,139,182,138,104,21,177,5,45,136,73,164,31,54,117,198,193,190,
165,89,187,146,97,141,77,82,21,8,104,138,182,139,168,195,145,15,3,70,13,132,169,188,6,147,115,10,133,122,63,135,38,1,117,31,131,90,51,121,118,74,134,11,33,160,29,0,109,35,111,81,153,186,163,103,26,180,176,64,106,159,143,124,128,62,18,55,34,170,152,140,183,130,95,86,185,22,99,9,199,4,149,28,59,20,60,148,47,94,66,57,172,179,166,194,113,114,137,127,
160,144,56,104,8,82,87,21,177,5,45,142,78,175,36,61,91,141,77,97,146,187,165,127,89,103,137,114,113,194,166,52,172,179,185,22,99,130,95,86,183,140,199,9,148,47,66,94,60,20,59,28,149,4,152,170,34,55,18,62,128,124,143,159,106,64,176,180,163,186,153,81,50,111,0,35,109,29,69,189,155,145,15,3,70,161,188,6,169,132,13,195,168,43,134,139,11,182,138,33,
160,144,56,104,8,82,87,21,177,5,45,142,78,175,36,61,79,91,141,77,97,146,187,165,127,89,103,137,114,113,194,166,52,172,179,185,22,99,130,95,86,183,140,199,9,148,47,66,94,60,20,59,28,149,4,152,170,34,55,18,62,128,124,143,159,106,64,176,180,163,186,153,81,50,111,0,35,109,29,69,189,155,145,15,3,70,161,188,6,169,132,13,195,168,43,11,139,182,138,33,
95,130,99,9,199,4,149,28,59,20,60,148,47,94,66,57,172,179,185,86,166,194,113,176,26,103,114,137,127,89,163,187,153,81,77,141,91,61,36,175,78,142,45,5,177,21,82,111,8,104,138,182,139,168,195,145,15,3,70,13,132,169,188,6,147,115,10,133,122,63,135,38,1,117,131,90,51,121,118,74,134,11,33,160,29,0,109,35,143,106,124,128,62,18,55,34,170,152,140,183,
82,21,8,104,138,182,139,168,195,145,15,3,70,13,132,169,188,6,147,115,10,133,122,63,135,38,1,117,31,131,90,51,121,118,74,134,11,33,160,29,0,109,35,111,81,153,186,163,180,176,64,106,159,143,124,128,62,18,55,34,170,152,4,149,28,59,20,60,94,66,47,148,9,199,140,183,86,95,130,99,22,185,179,172,52,166,194,113,26,114,137,103,89,127,165,187,146,97,141,77,
78,36,61,91,141,97,146,187,165,127,89,103,113,194,166,179,185,130,95,86,18,62,124,106,176,163,153,81,77,58,82,8,111,144,0,35,109,29,160,33,49,11,134,74,118,121,51,120,191,90,125,131,112,19,151,54,73,31,193,117,198,156,1,16,27,38,135,63,100,40,107,72,122,133,10,115,147,192,6,188,169,132,13,161,70,3,15,145,195,168,139,182,138,104,21,177,5,45,142,175,
124,62,18,55,34,83,128,86,176,180,113,194,166,52,172,179,185,22,99,130,95,183,140,199,9,148,47,66,94,60,20,59,28,149,4,152,170,184,155,189,3,70,15,145,13,132,169,188,6,126,195,168,43,139,11,182,138,33,160,144,56,104,8,82,87,21,177,5,45,142,78,175,36,61,79,91,141,77,97,146,187,165,137,114,127,89,103,163,186,153,81,50,111,109,29,0,35,143,159,106,
160,29,109,35,0,144,111,41,81,153,163,176,106,124,62,18,55,34,170,152,140,183,86,95,130,99,22,185,179,172,166,194,113,114,137,103,89,127,165,187,146,97,77,141,91,61,36,175,78,142,45,5,177,21,82,8,104,138,182,139,168,195,145,15,3,70,13,132,169,188,6,147,115,10,133,122,107,40,63,135,38,27,16,1,156,198,117,193,31,54,151,131,90,51,121,118,74,134,11,33,
70,161,188,6,169,132,13,126,168,195,145,15,189,34,55,18,62,128,124,106,159,143,35,109,0,29,160,33,49,11,139,182,138,104,8,56,144,111,82,87,21,177,5,45,142,78,175,36,61,79,91,141,97,77,81,153,146,187,165,163,89,127,137,114,103,26,180,176,113,194,166,86,185,179,52,172,57,66,94,47,148,60,20,59,28,149,4,199,9,99,22,130,95,183,140,152,170,184,155,3,
186,163,180,176,64,106,159,143,124,128,62,18,55,34,170,152,4,149,28,59,20,60,94,66,47,148,9,199,140,183,86,95,130,99,22,185,179,172,52,166,194,113,26,114,137,103,89,127,165,187,146,97,141,77,82,21,8,104,138,182,139,168,195,145,15,3,70,13,132,169,188,6,147,115,10,133,122,63,135,38,1,117,31,131,90,51,121,118,74,134,11,33,160,29,0,109,35,111,81,153,
122,133,10,72,107,40,100,63,102,135,38,27,16,1,156,198,117,193,31,164,73,54,151,19,112,131,121,116,51,98,118,74,85,134,139,182,138,33,160,144,104,8,82,21,177,5,45,142,78,175,36,61,91,141,77,146,187,165,127,89,103,113,194,166,179,185,130,95,86,62,124,106,176,163,153,81,111,0,35,109,29,11,43,168,195,13,145,15,3,70,161,132,169,188,6,192,147,71,191,90,
60,94,66,47,148,99,22,179,185,86,95,130,166,194,113,176,26,103,114,137,127,89,163,187,153,81,77,141,91,61,36,175,78,142,45,5,177,21,82,111,8,104,138,182,139,168,195,145,15,3,70,13,132,169,188,6,147,115,10,133,122,63,135,38,1,117,193,31,54,131,90,51,121,118,74,134,11,33,160,29,0,109,35,143,106,124,128,62,18,55,34,170,152,183,140,4,149,28,59,20,
59,20,60,148,47,94,66,57,172,179,185,86,95,130,99,22,166,194,113,176,26,103,114,137,127,89,163,187,153,81,77,141,91,61,36,175,78,142,45,5,177,21,82,111,8,104,138,182,139,168,195,145,15,3,70,13,132,169,188,6,147,115,10,133,122,63,135,38,1,117,31,131,90,51,121,118,74,134,11,33,160,29,0,109,35,143,106,124,128,62,18,55,34,170,152,183,140,4,149,28,
6,134,139,182,138,33,160,144,56,104,8,82,87,21,177,5,45,142,78,175,36,61,91,141,77,97,146,187,165,127,89,103,137,114,113,194,166,52,172,179,185,22,99,130,95,86,183,140,199,9,148,47,66,94,60,20,59,28,149,4,152,170,34,55,18,62,128,124,143,159,106,64,176,180,163,186,153,81,50,111,0,35,109,29,49,11,43,168,195,145,15,3,70,161,13,132,169,188,150,147,
193,31,164,73,54,151,19,112,121,116,158,25,182,138,33,160,144,104,8,82,21,177,5,45,142,78,175,36,61,91,141,77,146,187,165,127,89,103,113,194,166,179,185,130,95,86,18,62,124,106,176,163,153,81,111,0,35,109,29,11,139,43,168,195,145,15,3,70,13,132,169,188,6,134,74,118,98,51,125,90,191,71,147,115,178,10,133,122,135,32,96,63,92,38,27,16,1,156,198,117,
183,95,130,99,9,199,4,149,28,59,20,60,148,47,94,66,57,172,179,185,86,166,194,113,176,26,103,114,137,127,89,163,187,153,81,77,141,91,61,36,175,78,142,45,5,177,21,82,111,8,104,138,182,139,168,195,145,15,3,70,13,132,169,188,6,147,115,10,133,122,63,135,38,1,117,131,90,51,121,118,74,134,11,33,160,29,0,109,35,143,106,124,128,62,18,55,34,170,152,140,
82,21,8,104,138,182,139,168,195,145,15,3,70,13,132,169,188,6,147,115,10,133,122,63,135,38,1,117,31,131,90,51,121,118,74,134,11,33,160,29,0,109,35,111,81,153,186,163,180,176,64,106,159,143,124,128,62,18,55,34,170,152,4,149,28,59,20,60,94,66,47,148,9,199,140,183,86,95,130,99,22,185,179,172,52,166,194,113,26,114,137,103,89,127,165,187,146,97,141,77,
66,57,172,179,185,86,95,130,99,22,166,194,113,176,26,103,114,137,127,89,163,187,153,81,77,141,91,61,36,175,78,142,45,5,177,21,82,111,8,104,138,182,139,168,195,145,15,3,70,13,132,169,188,6,147,115,10,133,122,63,135,38,1,117,131,90,51,121,118,74,134,11,33,160,29,0,109,35,143,106,124,128,62,18,55,34,170,152,183,140,4,149,28,59,148,20,60,47,154,94,
70,161,188,6,169,132,13,126,168,195,145,15,189,34,55,18,62,128,124,106,159,143,35,109,0,29,160,33,49,11,139,182,138,104,8,56,144,111,82,87,21,177,5,45,142,78,175,36,61,79,91,141,97,77,81,153,146,187,165,163,89,127,137,114,103,26,180,176,113,194,166,86,185,179,52,172,57,66,94,47,148,60,20,59,28,149,4,199,9,99,22,130,95,183,140,152,170,184,155,3,
198,156,1,16,27,38,92,63,96,32,135,122,133,10,178,115,147,71,191,90,125,51,98,118,74,134,6,188,169,132,13,70,3,15,145,195,168,43,139,11,29,109,35,0,111,81,153,163,176,106,124,62,18,86,95,130,185,179,166,194,113,103,89,127,165,187,146,77,141,91,61,36,175,78,142,45,5,177,21,82,8,104,144,160,33,138,182,25,158,116,121,112,19,151,54,73,164,31,193,117,
11,134,74,118,121,51,90,131,151,54,31,193,117,198,156,1,16,27,38,135,63,40,122,133,10,115,147,6,188,169,132,13,70,3,15,145,195,168,139,182,138,157,104,8,82,21,177,5,45,142,78,175,36,61,91,141,77,97,146,187,165,127,89,103,137,114,113,194,166,172,179,185,22,99,130,95,86,183,140,152,170,34,55,18,62,124,106,176,163,153,81,41,111,144,0,35,109,29,160,33,
131,151,54,73,31,193,117,198,156,1,16,27,38,135,102,63,100,40,107,72,133,122,90,125,51,98,118,74,134,147,6,188,169,132,13,70,3,15,145,195,168,43,139,11,29,109,35,0,111,81,153,163,176,106,124,62,18,55,34,170,152,140,183,86,95,130,185,179,166,194,113,103,89,127,165,187,146,77,141,91,61,36,175,78,142,45,5,177,21,82,8,104,144,160,33,138,182,25,158,121,
124,62,18,55,34,83,128,86,176,180,113,194,166,52,172,179,185,22,99,130,95,183,140,199,9,148,47,66,94,60,20,59,28,149,4,152,170,184,155,189,3,70,15,145,13,132,169,188,6,126,195,168,43,139,11,182,138,33,160,144,56,104,8,82,87,21,177,5,45,142,78,175,36,61,79,91,141,77,97,146,187,165,137,114,127,89,103,163,186,153,81,50,111,109,29,0,35,143,159,106,
138,182,11,139,134,43,168,195,13,132,169,6,188,161,70,3,15,145,155,189,69,29,109,35,0,111,50,81,153,186,163,180,176,64,106,159,143,124,128,62,18,55,34,170,152,4,149,28,59,20,60,94,66,47,148,9,199,140,183,86,95,130,99,22,185,179,172,52,166,194,113,114,137,103,89,127,165,187,146,97,77,141,91,61,36,175,78,142,45,5,177,21,87,82,8,104,56,144,160,33,
3,155,184,170,152,140,183,95,130,22,99,9,199,4,149,28,59,20,60,148,47,94,66,57,172,52,179,185,86,166,194,113,176,180,26,103,114,137,127,89,163,165,187,146,153,81,77,97,141,91,79,61,36,175,78,142,45,5,177,21,87,82,111,144,56,8,104,138,182,139,11,49,33,160,29,0,109,35,143,159,106,124,128,62,18,55,34,189,15,145,195,168,126,13,132,169,6,188,161,70,
80,162,175,78,142,36,61,91,141,97,146,187,165,127,89,103,113,194,166,179,185,130,95,86,183,55,18,62,124,106,176,163,153,81,77,58,82,8,111,144,0,35,109,29,160,33,49,11,134,74,118,121,51,120,191,90,125,131,135,102,63,100,40,107,72,122,133,10,115,147,192,6,188,169,132,13,161,70,3,15,145,195,168,139,182,138,104,21,177,5,45,136,73,164,31,54,117,198,193,190,
64,106,159,143,124,128,62,18,55,34,170,152,4,149,28,59,20,60,94,66,47,148,9,199,140,183,86,95,130,99,22,185,179,172,52,166,194,113,26,103,114,137,127,89,163,165,187,146,97,141,77,82,21,8,104,138,182,139,168,195,145,15,3,70,13,132,169,188,6,147,115,10,133,122,63,135,38,1,117,31,131,90,51,121,118,74,134,11,33,160,29,0,109,35,111,81,153,129,180,176,
198,193,80,190,162,175,78,142,36,61,91,141,97,146,187,165,127,89,103,113,194,166,179,185,130,95,86,183,55,18,62,124,106,176,163,153,81,77,58,82,8,111,144,0,35,109,29,160,33,49,11,134,74,118,121,51,120,191,90,125,131,135,102,63,100,40,107,72,122,133,10,115,147,192,6,188,169,132,13,161,70,3,15,145,195,168,139,182,138,104,21,177,5,45,136,31,164,73,54,117,
89,103,137,114,26,113,194,166,52,172,179,185,22,99,130,95,86,183,140,199,9,148,47,66,94,60,20,59,28,149,4,152,170,34,55,18,62,128,124,143,159,106,64,176,180,163,186,153,81,111,35,109,0,29,160,33,11,134,74,118,121,51,90,131,31,117,1,38,135,63,122,133,10,115,147,6,188,169,132,13,70,3,15,145,195,168,139,182,138,104,8,21,82,77,141,97,146,187,165,127,
113,194,166,179,172,57,66,94,47,148,60,20,59,28,149,4,199,9,99,22,185,86,95,130,183,140,152,170,34,55,18,62,128,124,106,143,35,109,0,29,160,33,11,134,74,118,121,51,90,131,1,38,135,63,122,133,10,115,147,6,188,169,132,13,70,3,15,145,195,168,139,182,138,104,8,111,82,21,177,5,45,142,78,175,36,61,91,141,77,81,153,187,163,89,127,137,114,103,26,176,
3,70,15,145,13,132,169,188,6,126,195,168,43,139,11,182,138,33,160,144,56,104,8,82,87,21,177,5,45,142,78,175,36,61,91,141,77,97,146,187,165,127,89,103,137,114,113,194,166,172,179,185,22,99,130,95,86,183,140,199,9,148,47,66,94,60,20,59,28,149,4,152,170,34,55,18,62,128,124,143,159,106,64,176,180,163,186,153,81,50,111,29,0,35,109,69,189,167,184,155,
132,13,70,3,15,145,195,168,29,109,35,0,111,81,153,163,176,106,124,62,18,55,34,170,152,140,183,86,95,130,99,22,185,179,166,194,113,103,89,127,165,187,146,97,77,141,91,61,36,175,78,142,45,5,177,21,82,8,104,144,160,33,138,182,11,139,43,134,74,118,121,51,191,90,131,151,54,31,193,117,198,156,1,16,27,38,135,63,100,40,107,72,122,133,10,115,147,6,188,169,
6,147,115,10,133,122,72,107,40,100,63,135,38,27,16,1,156,198,117,193,31,54,151,131,90,191,51,121,118,74,134,43,139,11,182,138,33,160,144,104,8,82,21,177,5,45,142,78,175,36,61,91,141,77,97,146,187,165,127,89,103,113,194,166,179,185,22,99,130,95,86,183,140,152,170,34,55,18,62,124,106,176,163,153,81,111,0,35,109,29,168,195,145,15,3,70,13,132,169,188,
140,183,95,130,99,9,199,4,149,28,59,20,60,148,47,94,66,57,172,179,185,86,166,194,113,176,26,103,114,137,127,89,163,187,153,81,77,141,91,61,36,175,78,142,45,5,177,21,82,111,8,104,138,182,139,168,195,145,15,3,70,13,132,169,188,6,147,115,10,133,122,63,135,38,1,117,131,90,51,121,118,74,134,11,33,160,29,0,109,35,143,106,124,128,62,18,55,34,170,152,
5,45,142,78,175,36,61,91,141,97,146,187,165,127,89,103,137,114,113,194,166,172,179,185,22,99,130,95,86,183,140,199,9,148,47,66,94,60,20,59,28,149,4,152,170,34,55,18,62,128,124,143,106,64,176,180,163,186,153,81,77,58,21,87,82,111,8,104,56,144,33,160,0,35,109,29,69,189,155,145,15,3,70,161,188,6,169,132,13,195,168,43,134,139,11,182,138,157,171,177,
66,94,47,148,60,20,59,28,149,4,199,9,99,22,185,86,95,130,183,140,152,170,34,55,18,62,128,124,106,143,35,109,0,29,160,33,11,134,74,118,121,51,90,131,117,1,38,135,63,122,133,10,115,147,6,188,169,132,13,70,3,15,145,195,168,139,182,138,104,8,111,82,21,177,5,45,142,78,175,36,61,91,141,77,81,153,187,163,89,127,137,114,103,26,176,113,194,166,172,179,
198,193,31,164,73,173,136,190,80,162,175,78,142,45,5,7,36,61,91,141,97,146,187,165,127,89,103,113,194,166,179,185,130,95,86,62,124,106,176,163,153,81,77,58,82,8,111,144,0,35,109,29,160,33,49,11,134,6,188,169,132,13,161,70,3,15,145,195,168,139,182,138,104,21,177,25,158,116,121,131,125,90,191,51,71,147,115,10,133,122,135,63,38,27,16,1,156,151,54,117,
140,152,170,34,18,109,29,0,35,160,33,11,134,74,118,121,51,90,131,151,54,31,193,117,198,156,1,16,27,38,135,63,40,107,122,133,10,115,147,6,188,169,132,13,70,3,15,145,195,168,139,182,138,104,144,111,8,82,21,177,5,45,142,78,175,36,61,91,141,77,81,153,187,163,89,127,137,114,103,26,113,176,194,166,172,179,185,22,99,130,95,86,143,106,124,128,62,55,174,183,
177,21,104,138,182,139,168,195,145,15,3,70,161,13,132,169,188,6,192,147,115,10,133,122,72,107,40,100,63,135,38,27,16,1,156,198,117,193,31,73,54,151,19,112,131,125,90,191,120,51,121,118,74,134,11,49,33,160,29,109,35,0,144,111,8,82,58,77,81,153,163,176,106,124,62,18,86,95,130,185,179,166,194,113,103,89,127,165,187,146,97,141,91,61,36,78,175,142,45,5,
194,166,179,172,57,66,94,47,148,60,20,59,28,149,4,199,9,99,22,185,86,95,130,183,140,152,170,34,55,18,62,128,124,106,143,35,109,0,29,160,33,11,134,74,118,121,51,90,131,1,38,135,63,122,133,10,115,147,6,188,169,132,13,70,3,15,145,195,168,139,182,138,104,8,111,82,21,177,5,45,142,78,175,36,61,91,141,77,81,153,187,163,89,127,137,114,103,26,176,113,
45,142,175,78,36,61,91,141,97,146,187,165,127,89,103,113,194,166,179,185,130,95,86,18,62,124,106,176,163,153,81,77,58,82,8,111,144,0,35,109,29,160,33,49,11,134,74,118,121,51,120,191,90,125,131,112,19,151,54,73,31,193,117,198,156,1,16,27,38,135,63,100,40,107,72,122,133,10,115,147,192,6,188,169,132,13,161,70,3,15,145,195,168,139,182,138,104,21,177,5,
125,51,98,118,74,134,6,188,169,132,13,70,3,15,145,195,168,43,139,11,29,109,35,0,111,81,153,163,176,86,95,130,185,179,166,194,113,103,89,127,165,187,146,77,141,91,61,36,175,78,142,45,5,177,21,82,8,104,144,160,33,138,182,25,158,116,121,131,112,19,151,54,73,164,31,193,117,198,156,1,16,27,38,135,102,63,100,40,107,17,72,122,133,10,178,115,147,71,191,90,
86,95,130,183,140,152,170,34,55,18,62,128,124,106,143,35,109,0,29,160,33,11,134,74,118,121,51,90,131,1,38,135,63,122,133,10,115,147,6,188,169,132,13,70,3,15,145,195,168,139,182,138,104,8,111,82,21,177,5,45,142,78,175,36,61,91,141,77,81,153,187,163,89,127,137,114,103,26,176,113,194,166,179,172,57,66,94,47,148,60,20,59,28,149,4,199,9,99,22,185,
26,103,114,137,127,89,163,187,153,81,77,141,91,61,36,175,78,142,45,5,177,21,82,111,8,104,138,182,139,168,195,145,15,3,70,13,132,169,188,6,147,115,10,133,122,63,135,1,131,90,51,121,118,74,134,11,33,160,29,0,109,35,143,106,124,128,62,18,55,34,170,152,140,183,130,95,86,185,22,99,9,199,4,149,28,59,20,60,148,47,94,66,57,172,179,166,194,113,180,176,
18,55,34,170,152,140,183,181,95,130,99,9,199,4,149,28,59,20,60,148,47,94,66,57,172,179,185,86,166,194,113,176,26,103,114,137,127,89,163,187,153,81,77,141,91,61,36,175,78,142,45,5,177,21,82,111,8,104,138,182,139,168,195,145,15,3,70,13,132,169,188,6,147,115,10,133,122,63,135,38,1,131,90,51,121,118,74,134,11,33,160,29,0,109,35,143,106,124,128,62,
33,160,144,56,104,8,82,87,21,177,5,45,142,78,175,36,61,79,91,141,77,97,146,187,165,127,89,103,137,114,113,194,166,52,172,179,185,22,99,130,95,86,183,140,199,9,148,47,66,94,60,20,59,28,149,4,152,170,34,55,18,62,128,124,143,159,106,64,176,180,163,186,153,81,50,111,0,35,109,29,69,189,155,145,15,3,70,161,188,6,169,132,13,195,168,43,11,139,182,138,
152,170,34,55,18,62,128,124,106,143,35,109,0,29,160,33,11,134,74,118,121,51,90,131,117,1,38,135,63,122,133,10,115,147,6,188,169,132,13,70,3,15,145,195,168,139,182,138,104,8,111,82,21,177,5,45,142,78,175,36,61,91,141,77,81,153,187,163,89,127,137,114,103,26,176,113,194,166,86,185,179,172,57,66,94,47,148,60,20,59,28,149,4,199,9,99,130,95,183,140,
3,70,15,145,13,132,169,188,6,147,115,10,133,122,63,135,38,1,117,31,54,131,90,51,121,118,74,134,43,195,168,189,34,62,18,55,128,124,106,143,35,109,0,29,160,33,11,139,182,138,104,8,111,82,21,177,5,45,142,78,175,36,61,91,141,77,81,153,187,163,89,127,103,176,113,194,166,86,185,179,172,57,66,94,47,148,60,20,28,199,9,99,130,95,183,140,170,152,184,155,
95,185,179,172,166,194,113,176,26,103,114,137,127,89,163,187,153,81,77,141,91,61,36,175,78,142,45,5,177,21,82,111,8,104,138,182,139,168,195,145,15,3,70,13,132,169,188,6,147,115,10,133,122,63,135,38,1,117,131,90,51,121,118,74,134,11,33,160,29,0,109,35,143,106,124,128,62,18,55,34,170,152,140,183,9,199,4,149,28,59,20,60,148,47,94,66,22,99,130,86,
81,111,35,109,0,29,160,33,11,134,74,118,121,51,90,131,31,117,1,38,135,63,122,133,10,115,147,6,188,169,132,13,70,3,15,145,195,168,139,182,138,104,8,21,82,77,141,97,146,187,165,127,89,103,137,114,26,113,194,166,52,172,179,185,22,99,130,95,86,183,140,199,9,148,47,66,94,60,20,59,28,149,4,152,170,34,55,18,62,128,124,143,159,106,64,176,180,163,186,153,
186,163,180,176,64,106,159,143,124,128,62,18,55,34,170,152,4,149,28,59,20,60,94,66,47,148,9,199,140,183,86,95,130,99,22,185,179,172,52,166,194,113,26,114,137,103,89,127,165,187,146,97,141,77,82,21,8,104,138,182,139,168,195,145,15,3,70,13,132,169,188,6,147,115,10,133,122,63,135,38,1,117,31,131,90,51,121,118,74,134,11,33,160,29,0,109,35,111,81,153,
132,13,70,3,15,145,195,168,29,109,35,0,111,81,153,163,176,106,124,62,18,55,34,170,152,140,183,86,95,130,99,22,185,179,166,194,113,103,89,127,165,187,146,97,77,141,91,61,36,175,78,142,45,5,177,21,82,8,104,144,160,33,138,182,11,139,43,134,74,118,121,51,191,90,131,151,54,31,193,117,198,156,1,16,27,38,135,63,100,40,107,72,122,133,10,115,147,6,188,169,
3,70,15,145,13,132,169,188,6,126,195,168,43,139,11,182,138,33,160,144,56,104,8,82,87,21,177,5,45,142,78,175,36,61,91,141,77,97,146,187,165,127,89,103,137,114,113,194,166,52,172,179,185,22,99,130,95,86,183,140,199,9,148,47,66,94,60,20,59,28,149,4,152,170,34,55,18,62,128,124,143,159,106,64,176,180,163,186,153,81,50,111,29,0,35,109,69,189,184,155,
162,175,78,142,36,61,91,141,97,146,187,165,127,89,103,113,194,166,179,185,130,95,86,183,55,18,62,124,106,176,163,153,81,77,58,82,8,111,144,0,35,109,29,160,33,49,11,134,74,118,121,51,120,191,90,125,131,135,102,63,100,40,107,72,122,133,10,115,147,192,6,188,169,132,13,161,70,3,15,145,195,168,139,182,138,104,21,177,5,45,136,73,164,31,54,117,198,193,190,80,
122,133,10,72,107,40,100,63,102,135,38,27,16,1,156,198,117,193,31,164,73,54,151,19,112,131,121,116,51,98,118,74,85,134,139,182,138,33,160,144,104,8,82,21,177,5,45,142,78,175,36,61,91,141,77,146,187,165,127,89,103,113,194,166,179,185,130,95,86,62,124,106,176,163,153,81,111,0,35,109,29,11,43,168,195,13,145,15,3,70,161,132,169,188,6,192,147,71,191,90,
6,134,139,182,138,33,160,144,56,104,8,82,87,21,177,5,45,142,78,175,36,61,91,141,77,97,146,187,165,127,89,103,137,114,113,194,166,52,172,179,185,22,99,130,95,86,183,140,199,9,148,47,66,94,60,20,59,28,149,4,152,170,34,55,18,62,128,124,143,159,106,64,176,180,163,186,153,81,50,111,0,35,109,29,49,11,43,168,195,145,15,3,70,161,13,132,169,188,192,147,
54,73,164,31,136,45,5,177,21,104,138,182,139,168,195,145,15,3,70,161,13,132,169,188,6,192,147,115,10,133,122,72,107,40,100,63,102,135,131,125,90,191,120,51,121,118,74,134,11,49,33,160,29,109,35,0,144,111,8,82,58,77,81,153,163,176,106,124,62,18,55,183,86,95,130,185,179,166,194,113,103,89,127,165,187,146,97,141,91,61,36,142,78,175,162,80,190,193,198,117,
113,194,166,179,172,57,66,94,47,148,60,20,59,28,149,4,199,9,99,22,185,86,95,130,183,140,152,170,34,55,18,62,128,124,106,143,35,109,0,29,160,33,11,134,74,118,121,51,90,131,1,38,135,63,122,133,10,115,147,6,188,169,132,13,70,3,15,145,195,168,139,182,138,104,8,111,82,21,177,5,45,142,78,175,36,61,91,141,77,81,153,187,163,89,127,137,114,103,26,176,
29,109,35,0,111,81,153,163,176,106,124,62,18,55,34,170,152,140,183,86,95,130,99,22,185,179,166,194,113,103,89,127,165,187,146,97,77,141,91,61,36,175,78,142,45,5,177,21,82,8,104,144,160,33,138,182,11,139,43,134,74,118,121,51,191,90,131,151,54,31,193,117,198,156,1,16,27,38,135,63,100,40,107,72,122,133,10,115,147,6,188,169,132,13,70,3,15,145,195,168,
54,31,193,164,73,136,45,5,177,21,104,138,182,139,168,195,145,15,3,70,161,13,132,169,188,6,192,147,115,10,133,122,72,107,40,100,63,102,135,131,125,90,191,120,51,121,118,74,134,11,49,33,160,29,109,35,0,144,111,8,82,58,77,81,153,163,176,106,124,86,95,130,185,179,166,194,113,103,89,127,165,187,146,97,141,91,61,36,142,78,175,162,190,80,196,42,156,1,198,117,
16,27,38,92,63,96,32,135,122,133,10,178,115,147,71,191,90,125,51,98,118,74,134,6,188,169,132,13,70,3,15,145,195,168,43,139,11,29,109,35,0,111,81,153,163,176,106,124,62,86,95,130,185,179,166,194,113,103,89,127,165,187,146,77,141,91,61,36,175,78,142,45,5,177,21,82,8,104,144,160,33,138,182,25,158,116,121,112,19,151,54,73,164,31,193,117,198,156,197,1,
193,31,164,73,54,151,19,112,121,116,158,25,182,138,33,160,144,104,8,82,21,177,5,45,142,78,175,36,61,91,141,77,146,187,165,127,89,103,113,194,166,179,185,130,95,86,18,62,124,106,176,163,153,81,111,0,35,109,29,11,139,43,168,195,145,15,3,70,13,132,169,188,6,134,74,118,98,51,125,90,191,71,147,115,178,10,133,122,135,32,96,63,92,38,27,16,1,156,198,117,
183,199,148,47,66,94,60,20,28,149,4,152,170,34,55,18,62,128,124,106,143,35,109,0,29,160,33,11,134,74,118,121,51,90,131,54,31,193,117,1,38,135,63,122,133,10,115,147,6,188,169,132,13,70,3,15,145,195,168,139,182,138,104,8,111,82,21,177,5,45,142,78,175,36,61,91,141,77,81,153,187,163,89,127,137,114,103,26,176,113,194,166,86,185,179,22,99,130,95,140,
