190,31,54,25,138,33,29,109,0,160,136,73,164,193,117,198,135,122,121,112,36,61,21,104,13,132,169,188,45,142,175,78,5,177,182,139,11,144,111,77,82,8,168,195,145,189,34,55,18,62,124,106,81,97,153,187,89,103,128,15,70,3,155,95,185,86,176,113,114,137,127,163,119,159,143,35,134,51,131,1,27,38,63,133,90,147,6,152,183,140,149,28,20,148,94,166,194,141,91,80,63584
190,31,54,25,138,33,29,109,0,160,136,73,164,193,117,198,135,122,121,112,36,61,21,104,13,132,169,188,45,142,175,78,5,177,182,139,11,144,111,77,82,8,168,195,145,189,34,55,18,62,124,106,81,97,153,187,89,103,128,15,70,3,155,95,185,86,176,113,114,137,127,163,119,159,143,35,134,51,131,1,27,38,63,133,90,147,6,152,183,140,149,28,20,148,94,166,194,141,91,80,63584
10,147,188,70,3,15,18,62,144,31,193,117,198,121,112,54,73,25,182,138,33,35,128,86,166,194,103,163,89,127,114,113,180,176,106,143,160,74,118,51,125,90,191,71,6,169,132,104,21,61,36,177,5,190,80,175,78,8,0,109,29,11,139,131,1,38,63,135,13,183,95,185,179,94,47,148,20,28,140,152,170,184,155,189,111,82,91,141,77,153,124,83,55,34,145,195,168,134,122,133,62736
81,124,62,140,28,20,60,148,47,166,194,176,128,18,155,3,15,145,195,29,34,55,174,183,152,70,10,133,147,132,13,168,134,54,73,78,175,31,1,38,27,156,198,117,169,188,6,121,112,158,25,138,33,11,139,51,90,131,193,190,80,45,5,95,130,99,94,66,179,185,86,113,103,127,89,163,153,111,144,8,104,122,107,40,63,135,160,143,106,35,109,0,82,21,177,36,61,141,97,77,64344
145,132,147,133,63,38,27,156,193,136,190,80,162,175,78,141,113,194,166,176,106,0,160,33,118,51,90,191,134,11,144,56,177,123,25,182,139,168,195,104,21,91,61,36,5,45,135,122,6,188,169,70,152,28,20,60,148,140,183,138,54,31,73,8,111,124,95,130,99,47,94,179,185,86,55,34,155,3,15,29,109,35,153,163,103,89,127,187,121,131,16,1,198,117,82,77,81,143,62,18,66812
175,141,187,165,127,89,163,106,124,34,155,70,133,107,40,63,135,121,158,104,56,8,68,144,160,152,140,183,95,130,99,94,47,60,20,28,148,179,185,86,166,194,153,81,77,82,111,35,109,0,21,177,73,164,193,31,54,118,74,25,61,36,5,117,131,90,51,138,33,49,55,18,62,176,113,103,143,29,195,13,132,169,188,6,147,122,1,198,190,80,136,11,168,145,15,3,43,139,182,78,62621
33,160,95,185,86,180,113,114,103,143,35,0,177,5,80,190,20,148,47,94,179,166,194,176,106,124,62,18,109,29,121,112,198,117,193,31,54,164,73,136,45,175,78,8,111,183,140,28,152,155,15,145,132,169,188,6,147,133,107,40,100,63,1,156,16,27,38,131,134,13,195,168,139,11,104,21,36,141,77,81,153,163,165,127,89,128,55,34,170,189,3,70,122,32,135,90,191,51,182,138,61870
29,168,195,13,132,70,3,155,184,170,152,174,183,20,60,47,148,25,73,31,136,190,80,45,5,177,21,81,153,113,176,86,6,147,10,133,44,122,90,191,125,151,54,193,117,198,112,121,51,118,182,138,77,97,141,61,36,175,78,8,104,160,33,11,139,85,134,43,109,35,34,55,18,83,62,124,106,128,140,4,149,28,185,95,15,145,131,1,63,135,188,169,143,103,127,89,163,111,144,0,65263
80,190,73,54,31,193,156,16,27,38,1,198,117,118,145,15,155,34,113,103,163,153,13,132,169,188,6,139,11,49,29,109,152,28,20,148,140,183,179,166,194,176,106,3,70,122,63,135,131,121,51,125,90,191,133,10,147,134,43,168,195,189,95,130,185,86,128,124,0,12,160,144,56,104,8,21,61,36,91,81,143,62,18,55,35,177,5,142,175,78,141,77,82,111,33,138,182,25,45,162,62043
122,32,135,121,33,160,81,153,176,94,47,148,20,140,183,61,36,5,190,80,162,175,78,45,136,193,117,198,1,38,63,40,107,134,43,139,11,168,195,13,132,169,188,6,147,71,51,118,29,0,109,35,124,106,143,111,8,25,54,31,177,141,97,77,21,82,163,89,103,113,194,166,179,28,149,4,152,155,3,70,15,145,189,34,95,130,99,185,86,128,62,18,55,144,104,138,182,90,10,133,59555
183,3,70,178,133,122,90,121,104,56,8,163,103,194,166,179,94,47,148,20,81,77,97,146,187,127,89,21,31,54,117,198,131,135,38,1,156,193,136,190,80,45,160,29,0,109,35,82,61,36,177,134,6,147,10,107,40,100,63,144,111,113,176,106,143,33,138,118,51,74,11,34,55,18,62,124,86,185,130,95,153,141,175,78,5,25,182,139,43,168,195,188,169,132,13,145,15,155,152,140,65382
74,43,195,70,3,104,177,78,175,5,168,15,155,152,140,20,148,47,94,61,36,21,111,35,109,0,160,144,8,82,141,77,81,153,106,159,143,98,51,90,122,133,107,40,100,63,135,1,117,31,54,25,56,124,128,86,185,179,99,130,95,62,29,49,33,138,11,139,134,85,147,191,131,193,190,80,136,73,121,158,182,18,55,34,170,183,176,163,89,103,113,194,166,145,13,132,169,188,6,118,63930
183,20,28,140,189,145,122,40,63,135,1,156,198,117,193,136,73,164,31,54,151,131,90,147,6,195,168,139,182,25,5,142,175,78,21,8,82,77,81,153,103,113,176,194,166,86,128,106,124,62,18,55,34,152,184,155,3,70,15,11,138,190,80,162,45,177,104,0,109,29,132,169,188,134,51,121,112,19,36,61,141,187,127,89,163,111,33,160,35,143,185,179,66,94,47,60,148,99,130,95,57124
51,134,145,18,62,124,106,143,35,109,168,195,13,132,169,188,6,147,191,90,10,133,44,122,131,45,142,175,78,177,144,160,33,80,190,136,139,189,170,140,4,149,28,59,20,60,94,47,148,183,152,155,3,70,15,34,55,95,130,185,86,166,194,77,141,21,87,82,8,104,138,118,121,1,198,117,61,36,5,73,193,31,54,25,182,11,29,0,176,113,103,89,163,153,111,135,63,100,40,107,61516
136,5,177,104,35,34,152,28,140,183,55,18,62,124,176,113,194,166,185,86,106,143,111,141,97,77,81,153,163,89,103,114,137,127,187,78,175,80,190,193,54,6,188,169,168,43,139,11,160,33,138,182,74,118,25,36,61,21,8,95,94,47,148,20,155,145,15,3,70,132,13,195,109,0,29,134,147,10,133,122,107,40,63,135,131,125,90,191,51,98,121,38,27,16,1,156,198,117,31,73,56810
122,133,10,72,100,96,102,92,63,40,107,131,25,138,11,189,152,140,183,148,47,94,179,130,95,128,124,106,159,143,35,29,160,177,5,78,175,45,73,31,54,117,193,190,80,136,121,51,169,132,13,34,55,18,62,86,176,81,111,8,56,144,0,109,15,3,70,168,33,82,61,36,21,104,139,188,6,147,38,27,16,1,141,77,153,163,89,127,103,113,194,166,185,170,155,145,195,90,135,32,61158
36,113,194,166,176,180,138,182,27,38,134,139,168,195,13,70,3,15,145,11,80,190,117,198,1,63,100,40,107,82,187,163,86,185,103,127,89,106,62,18,55,152,155,169,188,6,10,133,122,135,131,25,104,8,111,41,37,35,29,49,33,160,144,0,109,34,183,140,148,47,94,179,95,124,143,61,91,141,77,153,81,21,177,5,136,73,164,193,31,54,112,51,147,71,191,90,121,45,175,78,65697
148,140,152,155,188,107,40,63,122,147,6,134,121,54,31,73,190,80,36,61,141,81,159,143,35,111,82,21,177,25,131,135,1,198,117,193,136,45,142,175,78,5,168,15,3,70,132,169,43,139,11,0,179,94,60,20,28,130,95,18,62,124,106,153,77,97,187,165,163,144,160,33,56,8,104,118,51,90,191,74,182,138,89,127,103,113,176,194,166,86,185,55,145,13,195,29,109,34,183,47,61984
3,70,15,145,36,141,148,60,20,28,140,183,34,35,138,182,74,118,85,134,139,11,49,33,160,144,104,8,111,143,99,47,94,66,179,106,82,21,177,25,121,54,193,190,80,45,175,78,5,73,31,117,198,156,1,38,135,122,133,10,90,191,124,95,130,185,86,166,194,113,153,81,77,163,103,176,128,62,18,55,170,152,184,155,195,168,51,131,102,63,40,147,6,188,169,132,13,29,0,109,60852
131,121,87,77,163,180,176,106,124,35,0,109,18,130,95,62,25,54,31,193,117,1,63,40,107,90,191,51,21,79,61,177,173,73,190,80,136,182,168,195,15,3,70,188,6,134,118,74,139,11,138,104,82,8,56,144,29,34,55,86,166,194,113,103,89,127,187,141,91,36,5,45,142,175,78,143,159,153,81,111,160,33,155,152,183,185,179,94,47,148,20,28,140,145,169,147,10,133,122,135,62064
20,60,166,114,127,89,103,194,86,189,132,147,191,90,121,117,193,190,80,136,31,54,73,5,36,61,91,141,77,153,81,25,122,40,63,135,131,51,139,43,134,6,188,169,161,70,3,15,13,195,29,0,109,35,111,177,142,175,78,21,87,82,187,163,113,176,106,143,160,33,144,8,104,138,182,11,168,145,155,152,148,47,94,66,172,179,185,130,95,55,34,18,62,124,128,183,140,4,149,28,56733
13,70,3,15,29,8,82,21,177,5,45,25,104,56,144,160,111,128,185,179,66,94,154,47,60,148,99,130,95,18,0,51,90,191,147,183,140,152,155,139,11,33,138,182,10,133,122,135,1,117,73,61,36,78,175,80,190,193,31,54,121,118,134,6,188,169,132,145,189,34,55,199,20,59,28,101,149,4,170,109,35,143,124,106,163,103,113,180,176,153,77,187,127,194,166,86,62,168,195,126,61573
103,26,113,128,62,18,168,195,13,132,169,188,6,147,107,40,63,122,90,139,145,15,3,70,134,131,117,198,156,1,135,182,138,109,34,55,35,0,29,49,11,33,160,104,8,82,111,153,163,52,172,179,185,86,124,106,143,159,119,180,176,194,166,95,183,140,152,155,78,175,80,190,5,21,28,20,148,47,94,99,31,193,54,121,51,118,25,177,36,141,97,77,81,146,187,137,114,127,165,89,63672
8,36,175,78,5,25,182,138,11,139,168,126,13,132,70,3,15,189,34,86,185,179,166,29,135,63,100,40,107,51,118,98,191,10,133,122,1,198,117,193,190,80,31,54,73,177,21,82,81,106,124,62,18,95,130,99,94,47,148,60,20,55,144,56,160,0,35,143,176,113,194,183,140,169,188,6,147,90,131,121,104,153,163,103,89,127,187,97,141,77,111,33,49,195,145,155,184,152,170,109,61874
175,78,5,177,81,176,86,185,179,94,47,148,20,28,149,4,138,182,74,118,121,51,90,122,63,135,1,198,117,187,165,127,89,169,6,188,155,166,194,113,103,163,153,97,141,77,111,145,15,3,70,132,13,195,168,134,136,80,190,193,31,54,164,73,25,33,109,62,18,55,183,174,34,29,11,139,189,170,152,140,130,95,128,82,87,21,8,104,56,144,160,0,35,124,106,143,159,91,61,36,63874
168,195,145,15,3,18,86,95,55,34,170,152,4,140,183,109,138,182,25,54,31,73,104,8,77,97,141,36,80,190,19,112,177,61,21,139,134,6,188,169,132,29,0,35,143,62,124,106,82,78,175,45,136,193,117,131,121,155,28,47,94,66,179,22,185,130,99,148,60,20,70,147,90,122,63,135,1,198,5,187,137,114,113,194,166,176,103,89,127,165,163,153,81,111,56,144,160,33,49,11,63213
77,86,185,183,140,62,128,124,106,143,109,13,132,169,122,63,135,131,121,25,33,29,18,55,34,155,3,15,195,168,160,144,111,41,81,153,159,35,0,8,82,21,61,36,177,104,138,139,11,49,180,176,194,113,103,163,89,127,114,166,179,94,47,152,134,51,90,191,6,188,145,95,130,99,148,60,20,59,28,149,4,184,70,147,133,107,40,38,1,198,117,54,31,190,80,175,78,5,91,141,61063
113,176,106,124,62,18,55,34,35,0,144,8,82,21,51,90,191,6,70,3,15,54,31,193,5,36,61,141,77,81,111,160,138,182,118,125,135,122,133,10,147,189,185,179,94,47,148,20,28,107,40,63,74,11,29,109,170,152,155,145,134,131,38,1,156,175,78,142,45,136,164,73,177,104,33,49,195,168,43,112,117,198,121,188,169,132,13,126,139,25,190,80,143,140,183,130,95,86,166,194,69585
148,20,170,90,191,147,6,11,33,29,0,109,183,140,28,149,152,184,155,195,168,134,74,118,131,135,32,122,138,111,194,166,86,185,95,55,34,189,15,145,13,132,139,182,25,158,173,5,61,79,91,77,81,159,143,18,62,128,124,106,153,163,113,176,35,133,107,40,63,1,190,80,162,142,45,136,73,54,31,193,117,121,51,188,169,70,3,8,21,177,78,175,36,141,187,127,89,103,179,94,64870
104,160,0,109,35,55,18,62,73,198,156,1,38,135,122,133,10,131,54,31,193,117,63,100,40,107,147,6,134,43,168,145,155,152,183,95,86,166,194,153,81,143,34,170,189,15,3,70,161,188,169,132,13,195,29,106,124,185,179,94,47,148,60,20,28,149,140,176,113,103,127,89,163,187,141,36,61,77,111,82,21,175,78,11,139,51,191,90,121,118,182,138,33,144,8,177,5,80,190,25,58831
139,188,169,132,70,145,13,195,168,43,134,74,25,177,36,61,34,152,140,148,47,94,179,185,95,183,55,35,0,160,80,190,193,31,54,19,112,121,118,182,138,29,109,15,3,155,176,113,103,114,194,166,86,18,62,124,81,77,97,153,106,143,104,73,117,198,1,131,51,90,133,107,40,63,135,122,45,142,175,78,5,21,87,82,8,111,146,187,163,89,127,137,165,141,91,79,56,144,33,11,60989
112,151,117,198,156,131,90,191,147,182,138,104,153,187,127,113,194,176,160,33,11,168,189,170,95,166,103,89,163,35,0,12,29,15,70,3,155,152,130,99,22,179,185,177,5,175,36,141,77,81,111,82,8,144,143,106,86,128,124,195,13,132,145,34,55,18,62,83,183,140,28,20,148,47,94,66,109,139,51,125,121,190,80,136,6,188,169,134,25,73,164,31,54,193,1,38,135,63,40,122,64821
193,54,138,152,140,28,20,60,148,95,177,45,190,80,175,78,5,25,118,74,85,134,139,143,159,81,77,111,56,144,35,34,55,18,62,106,153,141,91,73,31,187,163,86,185,179,94,47,183,170,11,182,51,133,107,40,63,131,121,36,61,21,82,8,104,15,70,3,155,166,194,113,103,176,124,189,145,195,168,49,33,160,12,0,109,29,126,13,132,169,188,6,147,191,90,122,135,38,1,117,65954
127,103,194,166,86,128,124,143,144,138,182,121,51,90,122,131,198,117,193,54,31,164,73,136,61,113,176,106,15,145,195,126,13,132,169,188,70,3,34,55,18,62,159,82,78,142,5,25,74,134,147,6,183,47,94,179,185,95,35,109,0,29,160,33,11,139,43,168,155,152,140,148,60,20,28,107,40,63,102,135,38,1,21,77,97,153,81,41,111,8,104,177,45,190,80,175,36,141,163,89,64217
148,47,94,179,185,130,34,3,15,145,195,168,25,73,164,31,54,125,90,38,27,16,156,1,102,63,96,32,135,122,131,198,80,190,193,117,121,51,118,182,160,111,153,163,176,86,128,35,109,0,29,8,82,77,187,127,103,113,194,166,95,152,155,70,10,133,169,132,13,143,159,106,124,62,83,18,55,183,140,28,20,141,91,36,61,21,138,188,6,192,147,134,139,11,33,104,177,5,175,78,64246
131,121,182,139,168,145,15,13,195,160,144,77,97,141,91,79,61,36,33,11,138,25,136,190,80,45,175,78,5,177,171,82,81,153,163,86,185,95,130,99,22,179,166,194,176,106,35,0,29,132,169,188,134,51,90,122,133,10,147,6,70,3,155,34,18,55,152,140,148,47,94,60,20,28,149,183,113,103,127,89,111,56,104,8,21,87,143,124,62,109,73,54,31,193,117,198,1,38,63,135,57158
149,28,20,140,183,55,18,62,94,47,148,34,121,131,135,63,1,182,166,86,3,70,15,145,109,0,29,144,56,8,21,61,36,141,77,153,163,176,194,113,114,103,89,127,165,187,81,82,111,159,106,143,35,11,139,51,90,122,107,40,147,6,134,74,118,136,190,80,25,138,33,160,104,177,78,175,5,132,13,195,168,43,198,117,193,124,128,95,185,99,130,155,169,188,54,31,73,189,152,4,69036
94,47,148,60,20,28,78,175,142,5,177,111,106,176,113,194,166,185,95,55,34,18,62,124,114,137,165,117,198,1,27,38,135,63,40,107,122,133,10,147,139,160,163,89,127,103,109,188,169,143,159,35,0,33,138,25,136,190,80,45,21,87,82,81,153,187,97,141,36,73,193,31,54,104,144,183,140,152,11,182,121,131,90,51,134,168,195,145,15,70,3,155,189,29,8,61,91,77,86,179,67016
33,170,152,183,95,86,166,194,113,176,62,155,3,70,15,189,124,106,153,187,97,77,25,118,51,125,121,190,80,45,142,175,78,5,136,73,54,31,193,117,198,1,90,122,63,135,131,112,177,82,185,179,66,94,99,160,138,182,104,81,159,143,140,149,28,20,148,47,130,128,111,144,56,8,87,21,36,61,79,91,141,163,89,127,103,35,0,29,109,34,55,83,18,145,169,188,195,168,139,11,62365
80,34,140,149,4,152,155,3,70,169,188,6,139,11,29,109,143,106,124,128,86,166,194,113,176,62,18,183,28,20,60,148,47,94,179,103,89,163,153,117,1,38,27,156,193,5,36,61,79,91,141,77,81,35,0,49,138,182,25,73,31,54,121,90,122,133,10,147,134,43,168,195,126,132,13,145,15,189,55,185,99,130,95,78,175,142,177,104,33,160,144,111,8,82,21,131,135,63,198,190,61232
20,28,149,152,184,155,109,0,111,82,61,36,21,104,138,118,51,125,191,90,122,135,63,38,27,1,198,31,177,8,144,170,140,183,194,113,180,176,128,124,62,83,18,55,34,35,160,33,11,182,54,73,5,141,187,165,127,89,103,163,153,81,25,121,107,40,100,131,117,193,190,80,175,77,143,106,166,172,179,86,29,139,134,6,188,169,132,13,195,168,145,15,70,3,95,185,99,94,47,148,60473
81,160,33,138,182,25,73,136,5,177,36,61,21,104,11,168,195,29,0,35,140,149,28,20,60,148,124,143,111,82,77,153,113,180,176,88,194,166,86,95,183,152,155,15,145,189,106,163,89,127,165,187,141,78,175,193,198,117,31,54,8,99,47,94,179,185,62,13,161,70,3,34,55,18,109,122,63,102,135,1,80,190,121,51,118,134,132,169,188,6,147,115,178,10,133,90,139,103,114,137,65676
106,81,97,77,111,168,195,169,132,13,145,55,18,66,94,47,60,148,35,109,0,29,160,78,175,36,61,5,73,193,190,80,45,177,21,25,121,112,54,31,182,138,104,8,82,91,141,187,113,194,166,179,86,124,90,122,107,40,63,135,38,27,16,1,156,198,117,153,163,89,127,103,176,62,34,189,15,3,155,184,152,183,140,20,28,149,70,188,147,71,51,139,11,33,143,185,99,130,95,128,63222
8,104,33,138,182,74,118,51,90,191,147,6,188,169,132,70,155,184,152,183,140,20,148,47,94,185,106,143,81,153,163,103,113,176,86,166,194,89,127,187,141,45,31,54,5,61,91,36,78,175,142,25,29,0,109,35,34,55,18,62,124,77,198,156,27,38,102,63,135,1,117,193,190,80,151,131,122,133,10,134,43,195,168,139,121,73,136,177,21,82,111,145,15,3,13,126,11,160,144,56,59261
188,70,28,20,60,148,47,94,179,166,86,128,35,139,51,125,90,191,71,120,98,74,11,29,109,0,160,33,168,195,145,34,176,194,113,103,163,89,127,165,187,141,36,175,80,190,5,177,21,111,55,18,62,124,106,143,159,153,81,77,8,138,182,147,178,133,72,100,63,122,95,185,104,25,54,31,193,117,198,156,1,38,135,131,121,118,134,13,15,155,152,140,183,3,132,169,6,107,40,10,64551
145,15,3,70,188,6,134,136,190,80,45,5,168,195,49,160,144,143,106,128,124,0,33,138,51,122,32,135,11,29,109,35,103,114,113,180,176,194,166,86,25,31,193,117,198,1,131,121,182,139,13,132,169,147,63,38,54,73,141,187,127,89,163,153,189,155,34,55,18,62,83,95,130,185,179,172,66,94,47,148,20,140,183,152,170,177,78,175,36,61,21,82,8,104,10,133,90,77,81,111,66725
135,63,38,27,1,156,198,117,54,177,56,109,28,149,152,195,168,126,13,132,169,188,6,147,133,122,131,193,190,80,121,158,138,104,8,77,81,153,187,141,91,82,111,159,106,176,103,113,194,166,86,95,20,148,47,94,179,185,29,74,118,51,134,161,70,155,140,183,55,144,21,61,36,5,78,175,142,45,136,31,73,173,25,182,11,139,145,15,3,34,18,62,128,124,143,35,0,160,33,90,61981
144,160,33,11,138,177,5,73,31,136,142,78,36,61,77,124,62,95,185,130,155,15,3,70,188,6,191,122,63,40,107,100,90,51,182,111,153,103,113,176,106,109,168,195,145,152,20,60,94,47,148,28,149,4,140,183,55,18,194,166,86,34,13,133,10,147,169,132,143,163,89,187,141,175,80,190,45,21,82,35,0,29,139,134,118,98,121,112,54,193,117,198,156,1,38,135,131,25,104,8,63265
113,176,194,166,172,179,22,185,86,124,29,139,133,107,40,10,147,13,34,62,143,159,81,119,106,128,95,99,66,94,47,130,83,18,35,109,0,8,177,5,190,80,175,36,61,91,141,77,111,33,11,168,195,145,15,155,184,152,170,189,3,70,161,160,144,104,73,31,54,51,6,188,169,132,134,118,121,131,1,117,193,25,140,28,20,148,183,55,138,182,74,191,90,122,63,102,135,21,153,163,65651
0,35,109,189,155,145,168,139,190,80,45,185,179,99,130,95,18,62,128,86,166,194,176,113,103,163,141,36,61,21,8,104,134,147,10,133,178,191,90,125,51,118,144,153,89,114,137,127,165,187,1,38,135,63,40,107,100,122,131,11,29,160,33,138,182,25,54,31,136,175,78,5,77,81,183,140,152,170,34,55,124,106,143,111,82,177,73,193,117,121,98,6,188,169,132,70,3,15,13,195,63467
1,198,117,121,118,182,138,104,8,21,82,153,176,113,103,163,187,141,61,36,78,175,142,5,25,74,134,6,188,169,20,60,148,185,106,143,81,77,111,0,35,124,183,140,149,28,99,130,95,83,62,109,29,177,45,80,190,136,193,31,54,51,168,195,128,86,194,89,127,114,166,94,47,152,155,3,70,15,18,55,34,189,145,13,131,16,27,38,135,122,133,90,33,160,11,139,147,107,40,63,63661
143,35,139,43,13,15,145,160,33,138,182,74,118,25,21,61,36,5,73,54,31,193,91,97,146,187,141,175,162,80,190,117,1,135,63,40,107,133,122,90,191,51,98,116,121,112,136,45,142,78,177,132,70,3,189,34,55,18,62,111,56,104,11,168,195,29,109,0,144,8,82,77,159,183,140,28,152,155,169,188,6,81,153,163,89,127,103,113,176,166,86,185,179,94,47,148,95,128,124,106,60661
36,177,138,168,195,126,132,13,143,159,106,124,62,128,176,113,163,153,81,77,111,144,160,33,11,139,74,118,131,38,27,16,1,117,25,182,145,15,189,34,86,185,130,95,18,55,183,47,94,179,22,99,28,149,152,155,3,70,188,147,133,107,40,63,102,135,122,125,121,54,31,193,190,80,175,141,187,127,194,166,148,20,140,170,169,6,191,90,51,134,29,0,109,35,104,8,82,21,91,61,59491
36,177,5,190,80,175,82,111,81,153,187,97,77,106,124,95,130,99,22,185,109,29,51,71,147,169,132,13,195,168,188,6,117,193,31,54,73,165,127,89,103,26,159,143,18,55,183,199,20,28,140,152,155,3,70,131,1,198,160,0,35,148,60,47,94,179,176,180,144,33,138,182,74,134,43,139,11,145,15,34,62,128,86,166,194,113,163,8,104,90,122,63,135,121,25,21,87,141,91,61,66061
21,8,168,195,145,152,183,83,18,55,155,3,70,15,34,62,143,111,144,33,11,138,182,25,136,190,80,5,77,86,185,22,99,140,20,60,94,66,179,91,78,175,193,31,54,82,81,153,163,187,141,117,156,27,38,16,1,198,160,95,130,148,47,166,194,103,89,127,114,113,176,128,124,106,159,35,109,0,12,29,169,188,6,147,191,90,133,122,135,131,121,104,56,139,134,51,118,177,36,61,65784
10,107,40,70,3,15,145,109,29,160,33,138,182,25,5,142,175,78,8,34,28,20,60,148,47,94,99,95,144,104,190,80,177,21,82,111,143,159,106,103,89,127,165,163,187,153,81,124,128,86,185,179,172,166,194,113,176,62,18,55,35,0,73,31,54,117,198,193,136,45,36,61,141,77,183,140,152,155,195,168,11,139,43,6,134,74,118,51,121,131,90,133,122,63,135,147,188,169,132,13,61264
99,152,155,195,168,139,82,97,146,187,141,177,5,25,43,132,70,3,15,13,118,121,117,54,31,190,80,175,78,36,61,91,21,87,58,77,163,89,127,103,180,176,159,160,144,81,153,113,194,166,66,94,111,8,56,104,157,33,140,28,20,60,47,148,128,124,109,0,29,12,35,143,106,62,18,49,11,138,182,134,6,188,169,34,55,95,130,183,189,145,147,10,133,122,90,51,86,185,179,22,66717
189,160,104,73,31,193,190,80,45,5,25,168,195,145,15,3,34,55,35,109,0,29,13,132,43,139,138,182,121,131,38,27,16,1,198,117,54,177,21,187,89,103,176,170,152,149,28,140,183,18,62,128,124,106,81,77,141,61,36,175,78,82,111,143,95,130,148,20,147,107,40,63,135,122,90,191,51,8,153,163,127,137,114,113,194,166,179,94,47,99,185,86,33,11,6,188,169,70,155,184,61761
81,41,111,104,25,151,198,1,131,184,152,183,140,28,20,148,166,194,113,163,153,35,109,0,29,160,33,11,43,134,147,133,122,90,51,118,74,182,138,61,36,5,190,80,162,175,78,45,136,193,117,156,27,38,63,135,6,188,169,132,13,145,15,161,70,3,155,106,176,86,185,94,47,95,128,124,143,21,177,19,112,121,139,62,18,55,34,170,189,54,31,164,73,173,168,195,144,8,82,77,64229
149,4,155,70,147,10,133,90,177,36,61,21,8,144,160,168,169,188,51,1,156,198,117,25,0,35,124,128,62,34,170,152,55,18,86,166,194,113,103,127,89,163,153,81,33,11,139,182,138,104,111,143,106,179,94,47,148,60,20,28,189,195,43,74,118,121,112,131,100,40,107,29,109,95,130,99,22,185,176,77,141,175,80,190,193,31,54,145,15,3,13,132,6,122,63,135,191,134,183,140,65725
176,106,124,128,183,140,149,4,152,170,189,145,111,153,163,89,127,103,94,60,20,28,155,3,132,126,168,11,138,182,118,51,122,32,135,131,121,25,77,81,143,185,47,148,55,18,62,95,99,22,179,166,86,34,15,13,195,160,21,61,36,5,45,80,190,193,117,1,38,63,133,10,90,191,147,6,188,70,161,169,134,43,139,33,104,177,78,175,8,144,0,35,109,29,54,31,141,187,113,194,62574
123,25,182,195,13,132,65,188,6,169,126,168,43,11,109,35,18,83,55,170,34,62,128,124,106,143,10,40,107,133,178,15,145,89,127,103,113,194,86,95,3,70,147,191,90,134,139,33,160,29,0,144,104,8,82,77,163,166,179,66,94,47,148,20,185,176,153,81,111,138,74,118,51,121,54,31,193,190,80,175,36,61,5,73,117,198,1,135,122,63,38,27,16,131,155,152,140,183,21,177,65382
103,143,109,0,35,77,97,141,36,175,80,190,117,198,156,27,63,102,38,16,1,11,29,62,95,130,99,22,185,86,176,180,113,194,166,128,124,33,138,121,131,135,122,147,6,188,169,70,4,149,28,140,183,55,18,34,170,155,3,15,145,134,51,90,133,10,132,152,20,60,148,47,94,179,106,144,104,8,82,21,177,5,78,45,136,193,31,54,73,25,139,168,13,195,49,160,111,81,153,163,60258
106,166,194,114,127,163,153,35,0,12,144,56,33,138,104,82,77,141,61,21,11,168,43,139,182,25,177,5,78,142,45,136,31,54,121,118,195,145,15,70,3,155,184,152,170,34,109,29,49,160,143,124,95,148,47,94,179,185,86,18,62,176,113,103,89,187,36,175,80,190,131,90,51,134,189,140,183,55,13,132,169,188,6,147,133,122,107,40,63,135,1,24,156,198,117,193,164,73,8,111,59965
139,121,54,31,73,182,138,33,144,77,81,153,163,194,166,179,94,47,148,60,20,28,70,188,6,190,80,175,5,82,143,124,62,18,55,35,111,8,104,193,117,198,189,170,140,149,4,3,122,63,40,107,90,191,21,91,141,187,127,89,103,113,176,106,61,36,177,25,74,134,168,195,145,15,155,152,183,95,130,185,86,128,83,34,13,132,169,147,135,38,27,1,131,51,118,160,0,109,29,11,66521
182,136,190,80,36,61,141,97,77,82,25,121,1,38,131,51,139,11,29,170,152,155,3,70,28,20,140,183,55,18,176,194,113,163,153,81,54,31,73,187,127,103,166,185,22,99,130,95,62,143,35,109,0,160,144,104,8,177,5,45,193,117,198,156,27,63,40,107,100,135,122,90,147,168,195,145,13,132,169,188,6,134,142,175,78,21,111,159,106,124,128,110,86,179,94,47,148,34,33,138,62325
13,132,169,126,195,168,11,5,45,142,175,78,177,21,187,127,89,103,176,106,147,10,72,107,40,100,63,135,198,117,25,33,29,109,18,185,99,55,35,0,111,8,82,77,97,81,153,20,28,152,155,188,6,133,122,90,191,51,131,54,31,193,156,27,38,16,1,36,61,141,163,113,194,166,86,124,143,160,138,182,118,121,112,73,136,190,80,104,62,95,130,183,140,34,189,3,70,161,15,145,64972
36,175,78,5,73,54,31,193,190,80,177,28,20,148,47,130,95,139,51,191,178,133,122,96,32,135,131,90,147,6,169,168,77,141,82,8,144,124,62,128,185,86,194,166,179,66,94,99,176,153,81,111,0,35,143,106,109,29,160,33,11,145,15,3,70,132,13,195,163,165,127,89,103,114,113,183,140,152,138,25,121,38,27,198,117,1,63,40,107,10,188,155,170,34,55,18,56,104,21,61,64434
5,25,74,134,147,6,70,152,4,149,140,34,170,155,3,15,145,29,0,163,89,127,103,113,194,166,176,180,106,124,143,35,109,168,195,188,169,132,13,160,144,8,104,136,73,31,193,198,1,40,107,122,90,51,139,11,138,182,118,98,121,54,117,38,63,135,131,112,177,61,91,77,81,62,18,55,183,148,47,94,60,20,28,33,45,190,80,36,141,153,95,130,185,86,128,111,82,21,78,175,61890
54,73,8,62,18,55,34,155,3,189,128,194,113,176,124,106,163,103,127,89,153,111,144,138,182,25,112,1,38,63,135,122,131,125,51,120,90,191,147,6,188,29,0,109,145,15,70,169,132,13,195,33,104,36,61,91,141,77,81,159,143,82,21,136,31,193,190,80,175,78,142,5,177,35,170,152,183,130,185,95,11,139,74,118,121,198,117,151,19,160,86,166,179,66,94,47,148,140,168,134,65245
5,131,135,63,40,107,10,133,122,90,147,6,134,51,117,193,54,31,164,73,25,182,138,33,160,104,121,112,1,156,198,21,82,8,144,62,18,55,140,149,28,20,166,103,89,187,141,80,190,175,36,61,99,148,60,47,94,66,179,185,86,124,128,95,130,183,152,155,70,188,169,132,13,195,109,29,11,139,2,43,168,145,15,3,34,194,113,176,106,143,35,0,111,81,153,163,127,165,77,177,61288
190,25,189,170,152,28,140,183,34,109,33,138,182,134,6,188,169,132,13,15,70,3,155,94,47,148,20,145,195,168,139,74,51,90,107,40,63,1,5,36,61,141,77,81,111,8,104,144,160,29,0,35,185,179,99,130,95,55,49,11,118,121,131,122,135,38,27,156,198,117,193,31,54,73,187,113,194,176,106,159,119,153,163,89,127,103,166,86,128,18,62,124,143,82,87,21,177,78,175,80,60817
70,132,13,168,182,25,123,177,21,8,104,33,160,0,35,18,55,140,28,20,148,47,94,103,187,141,77,81,111,82,91,61,36,175,78,5,138,29,109,195,169,188,6,139,11,170,152,183,95,130,185,62,34,189,145,43,134,118,121,117,198,1,38,63,135,122,90,51,131,151,54,31,164,193,190,80,136,73,40,107,133,10,147,153,127,89,163,143,106,124,86,179,172,166,194,113,176,155,15,3,59937
80,141,77,153,163,89,127,103,143,35,49,182,121,131,51,98,118,74,191,90,125,177,61,36,78,175,142,5,195,145,15,13,132,161,70,3,189,55,130,95,62,18,34,147,10,133,139,111,82,21,8,104,11,168,169,188,6,134,112,54,73,164,31,193,117,198,25,138,33,160,144,29,0,109,170,152,140,183,179,166,194,113,180,176,86,185,124,106,135,63,122,155,28,20,148,47,94,1,156,190,68102
177,5,45,136,73,112,121,6,188,169,132,61,36,78,175,162,80,190,1,38,135,63,40,122,90,51,130,99,179,185,86,62,109,0,35,159,143,34,3,70,15,145,13,29,106,176,113,163,153,82,8,104,25,198,117,193,31,54,91,141,77,81,14,111,41,124,128,95,183,140,4,149,28,148,47,94,60,20,199,152,184,155,170,55,83,18,134,74,182,138,11,168,195,43,139,33,160,144,56,21,62656
38,27,156,198,117,193,136,45,142,175,78,177,138,182,139,168,195,126,13,145,189,124,106,176,166,194,113,104,25,73,31,54,118,134,6,188,70,3,15,147,191,90,131,121,140,149,28,20,60,47,148,183,51,122,63,135,74,29,0,109,34,55,18,62,185,86,128,143,159,111,144,160,33,11,169,132,35,81,97,77,82,21,5,162,80,190,155,152,170,61,36,91,141,187,127,89,163,153,8,1,67903
81,176,113,103,163,153,111,8,56,104,158,112,19,177,36,61,91,77,106,124,62,18,55,134,191,90,51,0,35,160,121,198,117,193,31,25,138,33,144,89,127,187,141,54,1,135,63,122,147,86,185,179,166,194,5,45,190,80,162,175,78,143,28,149,145,15,161,70,3,155,152,183,95,130,99,94,47,148,60,20,199,140,34,109,29,11,139,43,168,195,126,13,132,169,188,6,182,21,87,82,67621
106,180,176,86,95,183,62,124,128,113,103,89,127,137,114,179,99,130,185,166,194,163,177,31,193,190,80,175,78,5,104,56,8,21,87,82,144,0,35,18,55,34,29,160,33,49,11,138,182,25,54,117,1,38,131,121,6,188,169,132,3,15,145,13,61,36,141,77,189,155,184,152,140,149,28,20,148,47,70,147,122,135,63,40,107,133,90,51,134,43,139,153,187,81,111,168,195,109,143,159,61754
121,54,73,25,182,29,109,34,55,18,62,143,82,177,31,117,198,156,193,190,80,27,38,63,40,107,122,124,128,86,185,179,22,99,130,95,152,155,3,70,15,145,189,176,194,166,94,47,148,5,175,1,135,131,90,191,6,188,28,20,199,140,183,83,106,153,187,163,89,127,137,114,103,113,195,132,169,147,10,133,134,43,139,11,138,33,160,144,104,8,21,36,141,77,81,111,35,0,168,51,65373
175,80,190,25,182,138,11,49,33,160,143,106,55,140,20,60,148,166,194,113,153,81,158,121,112,73,136,45,5,177,77,179,66,94,47,185,86,128,124,139,85,134,43,168,195,169,6,147,10,178,132,13,29,109,35,0,144,111,62,18,34,189,15,3,70,161,188,191,90,131,1,117,193,31,54,21,82,8,56,104,51,135,63,100,40,107,122,133,145,155,152,183,95,176,103,89,163,141,61,36,64127
8,144,111,143,95,130,20,60,148,47,94,179,166,194,86,185,55,18,62,177,5,73,164,31,54,193,117,198,156,1,21,81,153,113,176,34,155,184,152,149,28,140,183,35,138,182,134,74,118,98,51,125,90,191,6,188,25,136,190,80,175,78,36,61,91,106,124,3,70,15,145,43,139,29,109,0,160,33,49,11,168,195,13,132,169,147,122,135,131,121,104,163,103,114,127,89,187,141,77,82,61361
190,80,5,21,82,8,111,81,153,163,89,127,165,187,77,141,61,177,25,118,98,121,54,73,136,175,78,36,106,128,166,194,176,113,103,144,160,49,168,145,15,70,3,155,152,170,109,29,0,35,18,95,130,86,185,179,66,94,47,148,55,51,90,122,135,131,198,117,193,31,1,38,63,133,147,139,11,33,104,138,182,74,85,134,189,28,149,4,13,132,169,188,195,143,124,62,183,20,140,34,64127
38,63,40,107,72,10,70,3,34,18,25,73,31,54,132,13,145,195,168,139,11,138,182,177,36,61,87,82,0,29,160,33,144,104,8,111,159,113,194,166,179,94,47,148,152,134,51,118,81,153,187,127,89,103,163,35,109,143,106,180,176,86,183,140,28,20,62,124,5,80,190,193,117,198,135,122,133,147,6,55,130,99,22,185,95,155,15,169,188,90,131,121,21,77,97,141,91,78,175,1,67623
145,15,62,176,180,113,8,104,144,160,168,195,28,149,4,70,3,155,152,140,183,55,18,95,94,47,148,20,34,109,118,51,107,40,63,38,27,190,80,175,78,82,143,124,106,77,141,97,187,89,127,114,194,166,179,185,86,103,163,153,81,111,35,0,29,134,10,133,122,135,90,147,6,188,169,43,139,11,182,138,33,21,61,36,177,5,136,73,31,54,121,131,1,156,198,117,193,25,132,13,61706
185,86,124,109,29,189,170,152,184,145,195,134,118,51,191,90,131,31,54,121,188,169,132,13,70,3,15,155,28,20,60,148,47,99,130,95,9,183,55,35,0,144,56,8,111,143,159,106,119,81,78,175,142,5,177,21,82,104,138,182,139,11,33,160,163,103,89,127,187,141,36,45,136,73,25,168,34,18,62,166,194,113,176,153,77,61,162,80,190,117,1,135,63,122,147,6,140,94,66,179,62328
185,179,66,94,47,148,140,152,155,15,134,98,51,120,125,90,191,147,6,169,132,29,0,109,35,180,176,166,194,113,141,91,36,61,21,111,183,28,20,60,130,95,124,106,143,160,33,11,139,118,121,54,31,193,131,135,63,1,198,117,43,168,195,13,145,163,89,127,187,97,77,8,104,138,182,122,107,40,133,188,70,3,34,55,18,62,144,177,5,78,175,80,190,136,73,25,82,81,153,86,62322
56,104,5,78,175,36,141,187,127,89,106,132,169,188,6,147,191,90,131,54,31,164,25,182,15,3,13,121,73,136,190,80,45,61,77,124,148,60,20,140,183,18,95,130,185,99,47,94,179,166,86,62,134,133,122,135,38,1,198,117,193,177,21,153,163,103,113,194,176,160,138,51,63,40,107,10,70,155,152,55,34,35,109,0,29,12,41,81,82,8,33,11,139,168,195,145,143,159,111,144,65620
97,77,8,104,33,11,139,169,132,13,86,179,22,99,185,95,130,9,28,20,60,47,148,183,140,152,195,168,134,74,118,98,51,191,90,133,10,147,70,3,166,194,113,176,81,54,117,198,156,1,121,160,35,143,62,18,34,189,145,182,80,190,193,31,73,25,138,29,109,0,144,21,61,36,91,82,111,106,124,55,170,155,15,188,6,122,107,40,63,135,187,127,89,163,153,177,5,78,175,141,65462
147,1,198,117,193,73,143,106,124,35,0,12,29,109,176,180,103,163,177,136,31,54,138,11,34,62,86,166,194,113,114,127,89,168,134,191,90,125,51,98,74,118,122,133,107,40,63,135,131,121,25,21,87,82,8,144,160,111,77,81,153,187,97,141,36,61,104,33,170,152,140,183,55,18,95,185,179,94,47,148,189,145,195,190,80,175,78,5,188,169,70,28,60,20,155,3,15,13,132,6,66616
190,80,163,113,176,170,152,140,183,99,130,95,3,70,13,195,143,124,128,185,148,60,20,55,18,62,103,89,127,165,11,139,134,74,118,121,193,117,198,1,135,122,147,6,188,169,132,168,33,160,77,97,187,141,91,61,36,104,138,182,51,191,90,131,45,142,175,78,177,21,82,111,41,81,153,194,166,86,34,189,145,15,155,28,47,94,179,106,73,164,31,54,25,29,109,35,0,144,8,5,66122
50,41,111,29,145,15,13,195,168,11,138,182,122,133,10,147,70,152,140,28,20,148,130,95,62,56,104,33,139,134,118,98,121,54,31,117,198,156,193,190,80,136,25,8,113,194,176,144,51,90,6,188,169,3,155,185,86,106,124,18,55,34,109,0,35,143,81,77,91,61,36,141,187,153,163,89,103,166,179,94,47,183,160,112,1,38,63,40,107,135,131,73,45,142,175,78,5,177,21,82,63853
138,182,118,51,191,90,117,193,190,80,5,62,18,183,152,168,6,147,10,133,122,139,109,55,34,189,3,70,95,94,47,148,20,155,15,145,29,111,81,77,82,198,1,16,27,38,92,63,102,32,135,131,121,104,8,21,61,36,177,25,74,134,188,169,132,13,195,0,35,144,54,31,175,78,141,163,103,113,114,137,127,89,187,146,153,124,140,149,28,185,176,180,194,166,86,106,143,160,33,11,65663
145,148,47,94,166,194,26,103,165,187,146,141,91,8,104,138,182,118,51,121,73,136,190,80,45,142,175,78,36,61,153,106,124,128,183,140,20,28,152,70,122,63,135,1,131,90,147,134,29,109,34,55,18,62,111,82,21,177,5,54,31,193,117,25,77,97,81,144,160,33,168,169,188,6,139,11,49,0,35,176,180,113,114,137,127,89,163,143,15,3,155,95,130,99,179,185,86,195,13,132,62486
86,128,124,106,159,77,21,5,142,175,78,36,61,177,121,131,135,122,107,40,63,38,27,1,90,139,11,43,6,192,147,71,51,134,70,3,20,148,47,94,185,95,104,73,31,193,190,80,141,187,165,127,89,163,35,188,169,132,13,15,145,195,168,189,170,183,140,152,184,155,109,0,160,144,8,82,111,143,62,83,18,55,34,29,33,25,54,117,198,182,138,81,153,103,113,176,194,166,172,179,62563
122,63,102,156,198,117,151,19,131,135,32,38,27,16,1,121,118,74,11,34,55,18,82,21,5,142,175,78,36,106,86,185,20,148,47,94,179,166,194,103,127,89,81,111,133,107,40,10,134,33,160,144,104,73,193,31,54,25,139,13,70,3,145,195,168,29,109,143,124,62,170,152,140,183,95,128,35,0,8,177,45,190,80,141,77,153,163,113,180,176,138,182,51,90,191,6,132,169,188,147,65251
25,182,138,33,29,0,109,35,9,148,60,20,28,82,21,61,36,187,165,127,89,163,153,81,118,51,71,147,192,6,188,169,111,77,97,141,8,104,168,195,13,132,139,11,160,144,143,124,55,183,140,152,155,70,10,133,90,106,86,166,176,113,103,131,122,135,1,156,190,80,175,5,177,185,179,66,94,47,22,99,130,95,128,62,18,34,189,3,15,145,134,121,112,198,117,193,31,54,164,73,65788
11,33,104,61,36,175,78,34,28,20,148,47,185,86,106,143,144,56,111,153,176,113,194,166,95,130,183,140,152,184,155,189,109,0,29,3,70,15,195,136,190,80,45,5,8,18,55,160,117,193,31,54,177,77,81,82,21,25,158,112,121,51,125,131,135,38,1,182,49,35,124,62,145,13,132,169,188,6,43,138,91,141,187,127,89,163,168,147,10,133,107,40,63,122,90,191,71,85,134,139,67470
168,126,13,132,169,188,161,70,3,155,34,89,127,103,113,194,176,180,104,131,38,1,117,54,31,190,80,121,51,147,6,134,85,139,11,49,0,35,143,124,62,18,183,140,4,152,170,95,130,99,185,86,106,159,109,29,107,40,63,102,135,122,90,191,15,145,195,182,138,33,160,144,8,87,21,61,36,91,82,111,55,28,20,148,47,94,179,166,81,77,97,153,163,187,141,177,25,118,74,43,61462
54,8,111,86,95,130,99,179,185,13,132,169,188,70,28,20,60,148,47,94,29,160,153,89,127,103,62,18,55,109,0,35,143,124,106,159,77,141,36,61,21,104,138,182,25,158,121,51,134,168,195,145,15,3,155,184,152,4,149,140,183,34,33,11,139,43,6,147,133,63,102,135,122,90,125,131,45,5,78,175,80,190,198,156,27,38,1,117,82,81,176,166,194,113,163,187,177,73,193,31,62584
19,112,121,98,118,182,138,104,144,0,35,109,29,169,188,6,147,191,90,51,25,82,77,153,163,103,114,113,86,20,28,140,183,143,21,5,45,80,190,193,73,8,111,81,89,127,165,187,141,91,61,36,175,78,177,11,168,195,145,15,70,3,155,152,148,47,94,99,95,185,179,172,52,166,194,180,176,106,124,62,18,55,34,160,33,139,134,122,63,135,131,151,54,31,117,198,156,27,38,1,57436
185,130,95,55,34,168,195,145,152,140,47,94,66,183,13,132,169,188,6,147,51,121,54,117,193,31,73,82,77,89,127,103,35,109,69,170,184,155,189,29,177,5,78,175,80,190,136,25,104,160,33,138,182,122,40,63,135,90,191,71,85,134,43,139,11,0,18,62,99,22,179,172,166,194,113,187,97,141,91,36,61,21,8,111,159,143,124,106,81,153,163,176,148,20,28,70,3,15,128,86,63274
134,195,168,139,11,138,182,25,190,80,175,5,177,104,144,0,109,29,145,15,13,132,169,188,70,3,155,152,170,176,194,166,86,83,18,160,73,31,54,117,193,36,61,141,187,89,163,153,119,62,183,199,20,28,149,140,63,38,27,1,21,127,137,165,97,77,81,185,99,22,179,66,94,47,148,130,95,128,124,106,159,143,55,34,35,111,8,82,103,113,180,33,51,121,131,135,122,90,147,6,65130
113,194,166,20,148,47,94,179,185,86,95,130,183,140,28,149,152,109,0,29,147,122,135,100,107,40,63,1,198,117,193,131,90,191,51,98,177,61,141,187,165,127,36,78,175,136,73,31,54,34,55,143,153,81,77,80,190,121,6,188,169,70,155,128,103,89,163,111,182,74,118,158,45,142,5,25,168,195,3,15,145,8,82,91,21,87,104,56,144,160,33,138,139,11,35,18,62,124,106,176,64591
106,128,86,185,28,149,4,183,130,95,5,45,190,80,36,61,141,187,146,97,77,153,113,103,127,89,163,81,111,160,33,13,132,169,188,70,15,145,6,147,54,31,193,117,198,121,74,134,43,168,195,109,143,62,18,55,34,184,155,3,189,124,176,194,166,179,94,47,148,20,140,152,170,29,49,11,139,138,182,25,177,21,8,144,35,0,122,63,135,1,131,90,191,51,98,118,142,175,78,82,62050
47,148,99,185,106,143,35,160,33,138,29,109,140,199,183,62,124,159,81,77,177,5,45,190,80,175,78,141,187,127,114,86,95,3,70,147,90,38,1,156,198,117,25,8,111,113,103,89,163,153,0,145,13,134,54,31,193,121,6,188,169,132,195,168,11,139,118,131,135,32,102,63,40,107,122,51,182,104,21,61,36,91,82,189,155,152,20,28,149,4,170,34,55,18,128,176,194,166,179,94,63251
168,18,62,124,106,143,195,188,169,132,13,3,15,145,109,0,35,170,152,140,183,95,86,176,77,177,142,45,5,25,182,29,28,20,185,194,113,103,89,163,153,81,111,160,33,8,82,21,104,138,11,139,134,191,90,131,135,32,122,133,10,107,40,63,38,27,1,24,156,198,117,193,31,54,73,136,190,80,175,78,36,61,141,166,179,172,57,66,94,47,148,55,34,155,70,6,147,51,121,118,58069
179,94,60,20,199,183,18,5,190,80,175,78,177,21,104,56,160,144,8,82,77,97,141,61,36,1,63,135,152,140,28,149,155,132,126,13,145,15,3,70,161,169,188,6,147,117,193,31,121,118,74,33,111,103,26,114,137,127,165,89,163,153,81,138,182,139,168,195,34,55,148,47,86,166,194,88,113,180,176,106,124,143,35,0,29,11,134,51,90,122,131,54,73,136,25,109,62,95,130,185,63233
77,81,55,18,62,124,106,143,35,109,0,12,29,160,49,168,132,13,195,144,111,153,89,127,137,114,194,166,86,179,185,95,183,140,20,28,152,34,25,54,31,193,164,73,136,80,190,117,198,156,1,177,176,113,103,163,36,5,78,175,142,45,121,131,90,191,125,51,98,134,70,3,155,189,139,11,138,182,74,118,147,133,122,107,40,63,135,6,188,169,15,145,33,104,8,82,21,61,91,141,59508
10,133,121,25,177,21,82,159,106,128,86,185,99,55,34,11,182,112,131,135,63,40,107,122,90,51,98,118,74,139,160,144,111,176,113,163,153,81,35,0,109,145,195,168,33,104,5,45,142,175,78,36,61,141,187,127,103,194,166,148,60,23,20,28,29,138,54,31,193,190,80,77,179,66,94,47,124,143,8,117,198,156,1,134,6,188,70,140,183,9,130,95,83,62,18,152,155,3,169,147,66165
15,145,109,29,11,139,134,118,74,138,104,87,21,80,190,193,73,25,0,35,34,140,20,28,188,147,122,107,40,63,135,121,112,54,31,117,198,1,131,90,6,155,152,183,95,130,185,166,194,113,163,187,36,175,78,5,177,182,169,161,70,3,106,89,127,103,176,62,18,55,143,61,91,141,153,86,99,148,47,94,66,179,128,124,159,41,111,81,97,77,82,8,144,160,33,49,168,195,13,132,62994
122,90,147,6,188,169,28,20,60,148,152,155,126,195,168,43,29,109,55,18,83,62,35,0,144,56,111,34,140,183,128,81,77,141,61,15,3,70,132,13,145,189,170,95,86,113,103,163,153,36,175,78,5,177,21,82,8,104,25,193,117,131,135,40,107,51,134,139,143,124,106,176,194,166,179,22,99,47,94,66,185,160,33,49,11,138,182,121,54,31,73,136,80,190,1,63,100,72,10,133,63174
193,117,1,63,135,131,90,122,100,40,107,133,10,147,192,6,188,70,145,8,21,61,36,141,77,81,187,127,89,163,153,143,124,62,18,109,29,168,195,13,132,169,43,74,118,51,191,125,121,25,103,114,113,180,176,106,183,199,140,55,34,170,152,149,28,20,148,47,94,166,194,86,185,130,95,155,3,15,49,33,104,138,182,85,134,139,11,160,0,35,111,82,177,190,80,175,78,5,54,31,57280
187,77,82,8,111,86,185,179,94,47,148,95,21,175,78,33,160,144,104,177,5,80,190,31,54,73,173,25,138,182,131,1,27,38,135,90,191,6,188,189,152,140,183,55,18,62,124,128,166,194,106,159,143,13,169,132,155,184,170,34,176,180,113,114,137,127,36,136,193,117,198,121,112,61,91,141,89,103,35,109,0,29,51,122,63,40,107,133,147,70,3,15,145,195,168,139,11,153,163,165,65097
147,191,90,121,51,6,188,70,3,15,145,189,185,179,22,99,130,95,21,190,80,175,78,36,141,97,77,153,127,89,163,35,109,170,34,18,86,194,88,176,106,143,159,81,82,8,104,33,160,29,0,62,124,180,113,103,114,166,66,94,47,148,60,20,122,135,63,38,27,1,198,117,193,54,31,164,73,11,155,152,140,183,55,111,177,5,25,182,138,139,74,118,98,85,134,168,195,13,132,169,62542
15,3,70,132,51,90,122,135,38,1,198,61,36,175,78,5,182,138,143,128,86,166,194,176,180,103,89,127,187,121,131,63,40,107,147,185,99,130,95,183,140,28,149,152,184,155,195,168,11,144,111,153,163,113,179,94,47,148,20,170,73,31,193,117,54,25,33,160,0,35,109,29,169,188,6,134,43,139,104,8,82,21,177,45,190,80,91,141,77,81,159,106,124,62,18,55,34,189,145,13,62483
153,89,127,137,165,187,97,141,61,36,177,51,90,133,40,107,122,5,78,175,80,190,193,117,54,31,21,77,163,103,159,143,49,11,43,168,195,170,95,185,94,47,148,20,28,140,183,152,155,15,145,13,132,161,70,3,189,34,55,18,62,35,0,12,160,33,138,104,56,144,111,106,124,176,113,194,166,86,128,109,29,182,25,121,131,135,63,102,38,27,1,147,6,188,169,134,139,8,82,81,58694
86,185,183,140,155,3,70,145,153,163,103,89,127,187,51,90,191,134,139,11,49,144,104,8,21,36,61,82,143,18,62,124,106,81,77,141,117,198,100,107,40,63,102,135,131,1,197,16,38,27,42,156,190,80,175,78,177,111,35,0,29,147,10,133,44,122,121,182,194,166,179,94,47,148,20,130,95,55,34,152,170,109,160,33,138,25,5,136,193,31,54,73,6,188,169,132,195,168,176,113,64102
147,133,107,40,63,54,31,73,25,144,159,106,124,62,18,109,160,33,49,29,152,28,20,140,183,34,182,136,80,190,193,156,27,38,1,198,117,177,36,61,21,104,138,11,139,43,168,195,145,13,132,169,6,51,121,112,5,78,175,142,45,131,135,122,90,134,189,148,47,94,179,103,89,163,153,81,111,0,35,128,86,185,130,95,143,8,82,77,176,113,194,166,55,170,155,15,3,70,161,188,62722
151,54,31,73,136,142,36,61,21,104,138,139,13,145,15,3,70,147,122,63,135,131,121,90,191,51,118,182,11,170,152,155,189,109,35,163,89,127,103,176,106,143,159,81,77,177,5,45,80,190,198,1,117,193,175,78,134,6,188,169,132,74,158,112,19,25,8,111,124,62,18,95,130,99,22,185,86,179,94,148,20,28,149,140,183,55,34,0,29,160,33,144,153,113,194,166,128,195,168,43,61247
5,61,77,94,47,148,183,140,152,170,35,160,33,138,74,98,118,182,8,81,153,163,124,62,18,86,166,194,113,180,176,80,190,13,145,195,168,11,139,134,147,10,133,107,40,63,135,122,131,54,31,73,104,144,0,109,29,51,125,90,191,6,188,169,70,3,15,155,34,55,95,130,99,179,185,128,106,159,143,111,82,21,25,121,1,156,198,117,193,177,103,89,127,165,187,141,91,36,175,78,63170
193,117,54,31,73,45,142,175,78,21,82,61,36,91,141,97,187,165,127,89,103,113,194,166,176,180,106,124,62,18,55,109,29,11,138,33,160,144,104,182,25,158,118,74,139,34,183,95,130,99,185,86,128,143,8,177,5,198,1,131,121,168,195,134,51,90,191,169,188,6,147,10,133,122,135,132,13,0,35,153,163,179,66,94,47,148,60,20,140,152,155,3,70,15,145,111,81,77,80,190,59004
51,125,121,131,135,63,40,107,122,133,134,182,11,139,188,169,168,81,97,77,82,21,177,1,156,198,117,31,54,138,29,0,160,33,195,13,70,3,155,86,166,194,180,176,106,124,62,18,34,35,111,8,104,144,109,152,140,183,55,143,159,103,127,89,163,153,78,175,80,190,193,73,136,5,36,61,91,141,146,187,165,137,114,113,179,94,47,148,185,95,145,6,147,191,90,98,118,25,158,116,61206
82,8,73,31,117,1,38,63,135,143,106,176,113,194,166,86,183,140,18,81,77,141,36,175,78,61,91,111,144,0,109,35,55,34,3,70,188,133,40,107,122,90,191,125,51,121,54,193,190,80,136,25,182,138,11,139,134,85,71,147,6,169,132,13,195,168,29,153,187,165,127,89,103,163,124,62,95,185,99,22,179,94,47,148,60,20,28,152,155,15,145,33,160,104,177,5,45,142,21,87,58593
95,29,138,131,135,63,40,122,90,51,118,182,82,77,141,91,61,36,73,164,54,31,193,117,121,147,6,70,3,132,169,188,134,139,11,33,160,0,35,124,62,18,55,34,195,168,86,185,94,47,183,152,155,189,109,159,163,103,127,89,153,81,21,1,38,27,156,198,136,45,177,140,28,20,60,148,106,143,111,8,104,144,145,15,13,25,5,142,190,80,175,78,187,113,176,194,166,172,179,130,64728
18,62,111,8,54,31,193,117,51,147,6,168,35,103,127,89,163,153,81,104,138,25,177,36,61,141,77,82,21,131,63,40,107,133,10,189,95,130,99,185,86,166,194,113,176,106,143,33,182,118,74,139,170,183,140,199,28,149,4,152,109,0,29,195,13,132,169,188,134,121,73,136,80,190,198,1,135,122,90,70,20,60,148,47,94,179,128,124,78,175,142,45,5,11,145,15,3,155,34,55,65055
111,143,18,55,183,199,140,152,155,3,70,15,145,168,195,13,132,169,188,117,198,1,131,121,25,81,153,163,130,99,148,47,94,66,22,185,86,176,194,166,179,172,114,127,165,89,103,26,113,180,128,62,124,144,160,33,49,11,139,54,31,193,164,73,136,190,80,175,5,134,6,147,98,118,29,0,109,35,34,149,28,20,95,106,77,141,61,36,177,21,82,8,104,182,135,122,90,51,138,56,60121
91,36,78,175,45,136,135,63,38,80,190,193,54,19,112,121,98,118,25,5,177,61,79,77,81,111,8,104,56,144,160,33,138,182,74,90,122,133,10,191,134,168,18,62,95,185,86,166,106,124,139,107,40,147,6,188,169,51,131,1,24,156,198,117,31,73,21,82,143,35,109,0,29,49,11,132,70,3,155,152,149,28,20,140,183,55,34,189,15,145,13,195,163,89,127,103,113,176,153,141,62876
141,103,26,113,180,3,70,161,188,6,134,51,121,54,117,193,31,73,21,187,137,114,179,185,128,8,104,133,100,40,107,10,147,143,106,176,88,194,166,86,95,183,140,152,155,145,138,182,177,5,190,80,175,28,20,148,47,94,99,35,0,144,160,33,139,43,195,168,11,49,29,109,18,55,34,90,122,63,135,131,25,82,77,165,127,89,163,153,81,111,13,169,132,15,189,62,124,91,61,36,69716
3,15,145,139,136,80,190,193,31,117,198,156,16,27,38,102,63,40,107,147,134,29,35,153,163,113,194,176,124,62,18,55,34,109,0,177,5,78,175,36,61,141,187,127,89,103,166,86,185,94,47,148,20,140,152,195,168,11,8,21,87,82,111,143,106,95,130,99,183,155,169,122,135,131,121,25,104,144,160,33,138,182,118,98,125,90,191,10,133,1,151,54,73,112,116,51,120,6,188,70,60165
8,82,187,163,89,127,103,113,194,166,179,185,86,176,153,81,21,112,121,51,98,158,25,5,175,80,190,193,131,125,90,191,178,133,10,147,134,29,35,159,143,183,140,152,155,3,189,95,94,47,148,20,28,149,15,145,195,126,13,70,132,169,188,6,43,168,49,160,111,0,109,34,55,18,62,124,106,77,141,36,177,31,54,117,198,1,135,63,40,107,122,118,74,182,138,139,11,33,144,104,57947
140,183,139,182,21,61,36,78,175,80,190,5,177,82,8,25,107,40,63,1,198,117,193,31,54,121,118,74,188,169,161,70,3,132,6,147,122,135,131,125,90,133,10,191,51,134,13,15,155,184,152,55,18,62,34,189,145,195,168,29,39,111,41,81,77,153,159,143,106,124,128,86,95,130,185,166,194,176,113,103,163,160,33,56,144,35,109,0,49,11,138,104,91,141,187,179,94,148,20,28,59428
180,113,103,163,141,91,80,190,136,193,31,73,45,5,177,82,159,143,55,34,195,168,139,11,33,160,144,56,104,8,77,153,81,41,111,118,51,125,90,191,134,29,0,35,109,169,188,147,178,10,133,182,138,25,54,117,198,1,63,40,107,122,135,131,121,142,175,78,36,61,21,13,145,15,70,3,155,152,183,140,28,20,60,148,47,94,66,179,128,106,124,62,18,95,130,185,86,166,194,176,57343
127,89,81,73,193,31,54,25,33,152,28,20,148,47,94,179,95,183,140,174,55,18,62,128,113,103,163,141,36,61,91,77,153,180,176,194,166,185,86,124,106,159,143,111,144,160,145,15,3,70,132,169,122,133,10,147,134,139,56,104,138,182,118,51,74,11,29,0,109,35,8,82,21,177,5,45,131,135,63,1,198,117,121,90,6,188,13,195,168,189,155,184,170,34,190,80,175,78,187,165,62118
113,180,176,86,128,62,189,70,161,134,136,190,80,175,36,21,87,182,118,122,40,63,117,54,25,138,29,12,0,109,35,34,55,183,140,152,195,168,11,33,104,177,5,193,31,121,90,178,133,10,147,188,169,132,43,139,82,77,153,187,163,89,127,103,185,99,130,95,18,74,51,125,131,135,191,6,13,124,106,143,111,8,144,160,49,145,15,3,155,149,28,20,148,47,94,66,179,172,166,194,63753
111,144,160,29,189,155,132,169,188,6,112,73,54,31,193,117,198,156,1,131,121,11,33,104,177,78,175,36,61,77,81,35,109,62,18,55,183,140,28,152,170,34,103,163,153,82,21,25,158,118,74,43,145,15,3,70,13,195,168,191,90,51,182,138,56,8,5,45,80,190,63,100,40,107,147,20,60,148,47,94,179,185,86,187,141,91,135,122,133,10,134,139,0,166,194,113,176,106,124,143,64414
145,184,152,4,149,28,140,34,109,29,74,118,51,90,122,135,131,144,55,18,83,62,35,0,111,82,177,80,190,1,63,40,107,147,188,169,132,13,195,49,160,33,11,139,182,138,104,8,21,61,36,91,141,187,165,127,89,103,163,106,128,86,185,179,166,194,113,176,124,15,70,3,155,20,60,148,47,94,99,153,77,81,143,95,183,170,189,168,43,134,25,5,78,175,73,54,31,193,117,121,61260
70,161,132,13,195,168,189,152,130,99,185,179,166,114,137,127,165,89,163,103,113,194,176,128,124,106,159,143,35,109,0,56,104,73,31,54,11,139,147,10,133,122,131,190,80,29,34,55,95,86,153,81,5,142,78,175,136,193,117,177,21,82,8,111,62,18,183,140,148,20,28,155,169,188,6,51,121,158,25,36,61,79,91,141,77,144,160,90,135,63,38,27,1,182,138,33,49,145,15,3,62559
183,140,28,20,148,130,0,29,168,195,13,70,3,15,145,155,184,152,95,185,86,106,82,31,54,104,144,160,33,11,139,134,74,118,98,51,121,117,193,190,80,136,169,188,6,135,63,102,38,27,16,1,131,8,176,166,194,113,153,141,91,36,61,21,177,78,175,5,25,138,182,90,122,100,40,107,133,10,147,109,128,99,47,94,66,179,103,127,89,163,124,18,55,34,35,111,77,81,143,62,63291
147,139,104,8,82,21,61,36,5,177,138,182,121,54,193,190,80,175,141,77,143,18,55,34,35,109,0,29,160,25,73,31,117,1,38,63,135,131,168,195,13,132,169,134,74,118,98,6,188,163,89,103,194,166,86,130,185,179,172,66,94,99,128,106,124,62,83,170,152,184,189,145,15,70,3,155,47,148,20,28,149,140,183,95,176,113,153,81,111,144,33,11,51,90,122,100,40,107,133,10,58848
155,3,13,139,182,25,45,142,5,177,21,111,0,109,35,143,106,176,113,163,153,97,77,82,8,33,11,168,195,183,9,47,148,28,149,152,170,189,74,118,51,147,6,188,169,34,18,62,124,81,91,61,40,107,90,29,55,95,185,86,166,194,103,127,187,141,36,78,175,80,190,73,121,134,132,70,15,145,160,144,104,131,135,102,63,133,122,1,117,193,31,54,138,140,20,23,60,94,179,99,66450
47,94,86,111,21,45,80,190,1,131,125,51,182,8,82,77,153,180,176,166,185,99,9,28,149,4,15,13,121,112,198,117,193,31,54,73,136,5,177,104,33,160,29,0,109,35,34,140,20,60,179,194,187,141,61,36,135,63,40,107,100,122,90,143,124,95,130,152,155,3,70,10,133,147,6,188,169,132,43,139,25,175,78,138,11,168,195,145,106,163,89,127,103,113,62,18,55,174,183,148,65039
36,78,142,45,121,90,191,133,122,54,31,193,135,63,40,107,10,147,139,11,49,33,160,104,8,111,159,143,18,34,15,188,6,134,182,138,177,5,190,80,175,141,187,127,89,103,194,62,155,3,70,161,51,131,38,27,16,1,24,156,198,117,25,0,29,168,195,126,169,132,13,145,109,35,81,153,163,113,176,106,124,55,152,140,183,95,130,185,86,166,179,94,47,148,20,77,82,21,91,61,60089
25,21,87,82,111,12,0,35,109,29,11,139,170,152,140,183,86,166,194,103,89,127,187,141,36,61,77,62,18,55,95,130,185,179,94,148,20,28,149,34,143,159,106,124,176,113,163,153,81,8,104,56,144,189,155,3,70,132,169,188,147,10,133,63,38,27,156,198,117,1,135,32,122,90,6,15,145,49,160,33,138,168,195,13,43,182,177,5,78,175,80,190,193,31,54,73,112,121,51,118,56373
188,6,147,131,117,193,54,139,11,160,33,138,182,118,51,120,191,90,125,121,25,104,144,0,35,55,34,109,29,134,122,135,100,107,40,63,38,1,198,190,80,175,78,5,177,21,82,143,148,60,20,28,140,152,184,155,3,70,15,145,106,180,113,103,89,127,165,163,124,62,18,95,130,99,185,166,194,176,111,8,73,31,136,45,36,61,141,77,81,153,86,179,94,47,183,168,195,13,132,169,59194
128,124,111,82,87,21,91,61,36,45,193,27,38,1,198,117,121,134,13,132,169,188,6,147,90,122,135,51,139,11,33,56,104,5,142,78,175,80,190,166,172,179,185,130,95,8,177,136,73,31,54,25,138,114,137,127,89,163,81,144,29,0,109,35,143,176,180,103,113,194,86,3,70,15,145,195,168,160,77,141,97,187,153,106,62,18,55,34,170,152,4,149,148,47,94,60,20,28,140,183,61824
124,106,103,127,89,35,109,0,121,131,122,135,63,38,27,1,198,117,193,78,36,61,143,62,18,95,99,148,60,20,28,149,4,140,170,25,54,31,73,21,153,180,113,163,187,97,104,144,160,33,11,134,6,147,90,51,29,34,55,47,94,66,179,128,175,80,190,45,5,177,91,141,77,82,8,111,81,176,194,166,86,185,130,183,152,155,132,169,188,182,138,139,43,168,195,13,145,15,70,3,63502
56,104,25,151,198,156,1,131,121,118,33,163,103,113,194,166,176,180,61,36,5,45,136,73,164,193,117,31,54,173,182,138,11,139,168,195,13,145,29,62,18,34,3,15,132,169,188,6,21,91,141,77,82,8,51,90,122,63,102,135,97,187,165,127,89,153,81,111,0,109,152,183,140,20,28,149,155,70,147,10,133,134,160,143,106,124,86,95,185,94,47,148,55,35,144,78,175,80,190,177,65771
133,147,0,35,159,143,34,170,152,184,155,189,43,134,6,188,169,132,70,3,15,145,29,39,111,144,138,51,135,102,63,122,103,113,176,194,166,179,94,47,148,20,28,140,25,73,173,104,8,82,21,177,121,131,1,117,193,31,54,182,139,168,13,195,160,33,5,142,78,36,141,187,127,89,163,153,77,61,175,162,80,190,136,45,81,106,124,128,86,185,95,183,55,18,62,109,11,90,107,40,64857
109,62,18,169,188,147,191,90,51,139,106,194,166,86,55,34,189,15,145,168,0,29,11,25,190,80,45,5,177,182,138,61,36,78,175,121,131,135,1,117,198,156,27,38,63,40,107,133,122,54,31,193,73,21,82,111,95,130,47,148,60,20,140,160,33,144,104,8,153,163,89,127,103,113,185,99,94,66,179,114,137,187,97,141,77,81,124,83,183,152,155,70,3,170,128,176,180,159,143,35,64105
20,148,47,94,66,179,166,153,77,80,190,193,31,54,73,91,141,187,127,89,103,163,104,117,198,1,135,122,44,133,90,5,142,175,78,82,81,95,183,140,124,111,8,21,61,36,177,25,118,74,182,144,113,194,176,35,0,29,138,11,139,168,126,13,132,169,188,6,147,178,10,107,40,100,63,131,121,51,134,109,62,18,55,34,15,161,70,3,155,152,170,189,145,195,33,160,143,106,86,185,63723
179,166,194,86,83,62,128,176,113,163,106,124,130,99,183,152,170,160,144,153,89,127,187,177,5,175,36,61,141,77,81,111,3,15,145,195,168,25,54,38,63,40,107,135,193,190,80,21,94,47,148,20,28,140,18,143,82,8,104,73,31,117,198,156,24,1,133,10,147,188,169,13,0,35,109,189,155,70,132,134,118,121,131,122,90,191,51,98,74,182,139,11,138,33,49,29,34,55,95,185,63604
183,33,138,182,11,29,0,35,34,55,95,130,99,185,124,109,195,168,43,134,6,188,169,132,13,145,155,189,160,144,104,25,121,1,16,27,38,135,90,191,15,3,70,147,71,51,118,74,139,170,152,18,62,128,176,103,89,163,187,141,61,36,45,80,190,136,73,54,31,193,117,198,63,40,107,122,131,177,21,82,81,106,143,111,8,5,78,175,77,153,113,194,166,86,179,94,47,148,20,140,59465
18,62,124,106,128,86,95,185,179,94,47,148,20,152,170,33,138,25,190,80,5,177,104,182,118,51,135,63,122,191,134,139,49,39,29,189,3,15,145,11,78,175,82,0,109,34,55,166,194,176,113,103,153,81,77,91,36,61,21,13,70,132,168,160,144,111,8,31,193,54,6,188,169,126,195,35,143,163,89,127,165,187,141,117,198,1,131,121,125,90,133,10,178,147,155,4,149,28,140,183,64261
78,45,136,31,54,5,177,104,43,6,147,122,135,131,188,169,132,13,145,195,168,134,51,191,90,10,133,107,40,100,63,118,74,139,11,33,138,182,25,73,164,193,117,121,70,3,15,155,34,55,18,62,176,113,194,166,179,99,130,185,86,153,175,80,190,21,106,124,143,35,109,0,29,160,144,8,61,36,91,77,81,82,111,170,152,140,183,66,94,47,148,20,28,95,163,89,127,165,187,141,60770
118,98,51,90,147,188,70,3,34,62,128,166,86,95,183,155,15,107,40,100,63,27,38,6,169,145,124,106,143,111,160,11,139,168,195,29,0,144,177,5,73,31,136,45,78,36,61,141,187,153,77,175,80,190,193,54,117,1,135,122,140,20,60,47,94,66,179,185,99,130,55,18,82,87,21,104,8,81,163,89,127,103,113,176,194,148,28,149,152,35,109,33,138,198,156,131,121,158,25,74,65010
127,153,77,21,73,193,31,54,25,138,183,140,28,20,148,47,94,66,179,172,166,61,36,80,190,136,121,132,161,70,3,15,145,155,152,34,55,18,62,128,176,194,113,103,187,141,82,8,56,144,160,33,49,11,139,43,168,195,13,134,51,118,74,182,29,109,95,185,86,124,106,159,143,111,104,117,198,1,38,63,135,122,90,6,169,65,188,147,40,107,131,45,175,78,5,177,0,35,163,89,62000
139,168,195,132,169,188,6,134,11,49,29,145,15,3,70,90,38,27,1,131,51,118,104,8,56,144,0,109,34,55,170,152,4,149,28,140,183,111,82,87,21,77,81,153,106,124,62,18,147,10,133,122,32,135,121,25,5,73,193,31,54,155,20,148,47,94,179,185,86,166,194,113,103,163,97,177,175,80,190,117,63,40,107,35,176,114,137,127,89,187,141,36,61,91,159,143,160,33,138,182,64157
107,155,152,140,199,183,55,18,109,0,35,143,106,113,103,163,11,139,168,195,145,15,95,130,66,94,47,148,99,185,86,128,160,136,190,80,177,61,21,87,104,8,82,77,153,81,111,73,193,117,198,1,131,51,98,118,25,5,45,142,175,78,36,79,91,141,124,62,149,28,176,194,166,179,60,23,20,34,29,33,138,182,31,54,121,125,191,147,6,188,70,3,132,169,134,90,122,135,63,40,64749
195,145,15,3,70,147,122,32,102,63,133,10,155,152,170,109,0,160,104,56,144,35,55,183,140,149,28,20,148,47,94,185,86,176,113,114,137,127,89,187,141,91,61,81,106,124,33,138,25,54,31,193,5,177,111,62,18,34,189,134,51,125,107,40,100,135,131,90,191,71,6,188,169,132,13,126,43,139,11,21,36,175,80,190,117,121,98,118,74,182,8,82,77,97,153,163,103,143,29,168,62707
5,177,21,8,104,139,11,49,29,0,109,35,111,143,18,34,189,145,13,195,168,134,85,51,98,118,182,81,89,127,165,187,141,36,121,131,125,90,191,147,6,188,169,183,140,199,20,28,152,155,132,54,73,25,138,33,160,144,82,77,153,166,172,179,185,86,124,106,163,113,194,176,15,70,3,55,95,99,94,47,148,62,31,193,117,198,1,135,63,100,40,107,10,133,122,136,190,80,175,78,63654
1,131,121,51,43,189,34,55,18,35,0,109,152,28,20,140,183,104,8,77,153,163,103,113,194,166,86,176,89,127,187,141,91,36,61,21,82,179,94,47,148,80,190,27,38,102,63,135,122,133,70,3,15,145,6,147,191,90,155,95,130,185,62,11,139,182,177,5,78,175,142,45,158,118,74,85,134,188,169,132,13,195,168,29,124,106,159,143,111,144,160,33,138,25,73,54,31,193,117,198,64380
81,82,5,78,175,136,198,1,63,100,40,107,147,195,168,109,35,0,29,160,144,8,104,56,33,49,145,15,13,132,169,188,6,134,139,11,182,190,80,185,179,66,94,99,152,155,70,3,55,18,62,124,103,127,89,163,34,189,118,121,112,131,135,122,133,90,191,51,4,149,28,20,60,47,148,140,183,95,86,166,194,106,143,77,141,36,61,21,177,73,31,193,117,54,25,138,111,176,113,153,63202
34,195,13,145,189,140,20,28,152,155,15,3,70,132,169,168,11,160,144,33,138,121,131,112,19,173,177,21,143,95,185,86,81,77,141,97,187,163,153,122,107,40,63,102,135,82,89,127,114,103,61,36,5,78,175,142,45,193,198,117,54,31,164,25,104,35,109,188,6,147,90,125,73,136,190,80,8,111,0,29,139,134,51,38,27,1,55,183,130,99,179,166,194,113,176,106,124,128,62,18,67981
73,117,1,38,27,198,136,175,78,5,177,21,82,81,163,103,89,127,187,141,80,190,104,8,111,0,109,34,152,140,183,130,185,172,179,22,99,66,94,47,148,20,28,149,4,55,18,83,62,124,176,113,106,143,35,138,182,25,31,193,54,112,121,51,147,6,188,70,3,15,132,169,131,135,102,63,40,107,122,90,134,168,195,29,160,33,11,139,145,155,95,86,166,194,153,77,91,61,36,45,57753
187,163,166,179,66,94,47,148,185,86,153,81,77,82,111,183,140,28,149,3,15,155,152,170,189,145,195,118,198,117,193,31,54,73,136,177,8,144,35,55,18,83,62,128,194,113,176,106,143,0,29,33,135,102,63,122,147,188,70,34,124,103,89,127,137,114,109,168,10,133,40,107,90,139,11,138,182,25,1,16,27,38,131,6,169,132,13,134,51,121,190,80,175,78,5,36,61,79,91,141,64804
74,118,25,158,19,112,121,131,135,102,63,122,169,70,3,109,0,29,139,191,90,125,51,134,188,6,147,10,133,107,40,38,1,198,117,111,35,143,106,176,103,127,89,163,187,141,91,80,190,45,5,142,175,78,36,61,177,136,73,193,31,54,168,145,155,152,34,55,18,62,124,183,95,86,185,94,47,60,20,28,140,148,179,166,194,113,153,81,77,82,21,8,104,144,160,33,49,11,138,182,58045
179,166,194,176,86,185,95,128,124,106,113,103,163,89,127,114,183,152,184,155,70,169,132,3,140,28,20,148,47,94,99,62,143,159,77,97,187,153,81,111,182,147,191,90,51,118,74,43,168,195,13,15,145,5,175,78,177,0,109,29,188,6,134,139,11,160,33,138,25,131,135,63,1,198,117,193,31,54,121,112,73,190,80,36,61,141,18,55,34,41,82,87,21,8,104,144,35,83,130,22,61047
135,102,38,27,54,31,198,156,1,16,63,122,147,6,34,18,62,124,35,109,0,144,160,33,138,182,121,51,90,10,133,107,40,117,193,190,80,175,5,177,8,104,56,111,77,141,187,127,89,103,163,153,168,195,13,145,15,70,3,189,155,184,170,152,140,183,9,148,47,94,55,29,49,11,139,134,188,169,132,28,20,60,179,166,194,113,176,86,185,130,95,128,106,143,81,82,21,25,112,131,58175
143,159,153,163,103,89,127,187,97,77,81,35,0,29,11,139,118,98,121,73,164,31,54,135,122,63,1,117,193,190,80,175,5,104,160,33,49,145,15,3,70,161,188,6,192,147,191,90,125,51,169,132,13,126,195,168,138,182,25,177,36,61,91,141,113,180,176,194,166,86,179,94,47,148,20,185,95,10,40,107,133,134,43,189,155,152,140,183,55,111,82,21,8,144,109,34,18,62,124,106,58946
81,153,97,77,82,21,122,63,102,135,190,80,136,73,193,31,54,121,51,131,1,156,198,117,139,168,13,132,169,134,6,188,70,3,155,179,57,172,52,166,194,86,185,95,130,99,148,47,94,113,103,127,89,176,143,35,0,12,29,145,195,11,138,182,90,100,40,107,133,10,147,25,177,5,78,175,36,61,141,187,163,106,124,62,183,20,28,140,152,170,55,18,34,109,160,33,144,104,8,111,58771
80,175,78,142,35,62,95,130,183,140,170,109,0,29,11,139,10,133,122,107,40,63,102,135,131,25,104,56,33,49,168,13,132,70,155,152,28,20,60,148,47,94,66,179,166,194,176,113,187,141,61,36,5,121,125,51,182,138,144,103,127,89,163,153,81,77,82,8,160,195,145,15,3,189,34,55,18,185,86,128,124,106,143,111,87,21,177,90,191,147,6,188,169,43,134,117,54,31,193,190,58768
0,109,35,111,77,91,61,36,141,153,143,34,189,13,132,169,188,112,117,198,1,135,102,63,122,121,25,87,82,104,118,51,133,10,6,70,3,155,152,163,89,127,103,113,148,20,28,199,95,128,124,106,86,130,185,179,166,194,176,62,18,55,183,140,149,4,15,145,195,168,182,78,175,45,136,31,54,73,5,177,21,8,144,160,33,138,11,139,43,134,85,147,71,191,90,131,193,190,80,29,61993
111,8,104,182,74,134,169,70,3,109,29,122,107,40,63,135,131,82,113,103,163,153,81,0,35,55,183,140,152,160,138,51,191,90,125,5,45,142,175,78,33,49,11,139,168,195,145,15,34,128,176,180,194,166,179,99,185,86,91,61,36,141,77,106,28,20,148,47,94,130,95,155,188,147,10,133,121,112,19,158,25,177,136,73,31,54,117,198,1,156,193,190,80,162,21,18,83,62,124,143,66525
3,155,152,140,183,34,29,11,135,63,122,90,191,51,121,131,1,156,198,117,54,31,190,80,61,91,153,86,179,172,166,194,113,176,182,74,118,98,71,147,134,139,55,95,22,99,130,170,15,132,169,188,6,168,195,13,145,189,163,103,89,127,165,187,141,36,175,78,5,177,25,0,109,35,81,77,104,138,33,160,144,8,21,82,111,143,18,83,62,124,106,128,185,66,94,47,148,20,70,161,61902
134,6,188,169,132,49,33,104,8,82,21,177,135,63,122,133,147,29,0,109,35,62,18,28,20,60,148,47,94,66,179,185,86,124,143,5,31,193,117,198,1,27,38,131,121,54,190,80,175,36,77,97,153,81,138,182,51,90,191,43,168,195,13,145,15,161,70,3,155,189,160,144,111,61,79,91,141,187,163,89,127,103,194,166,99,130,95,55,34,152,140,183,176,113,180,106,11,139,74,118,58947
13,132,134,121,31,193,190,80,36,141,97,77,81,111,133,107,40,63,1,117,54,25,33,34,149,4,152,15,145,109,35,0,29,11,139,74,118,182,138,143,179,94,47,60,148,99,130,95,183,140,28,20,199,55,18,62,124,106,176,180,103,163,89,127,114,166,185,86,194,113,153,177,5,78,175,131,135,122,168,189,167,184,155,3,70,169,188,6,147,191,90,51,98,21,82,8,104,144,160,195,61914
91,141,187,89,163,132,169,134,6,188,70,3,55,18,62,143,111,136,80,190,193,198,117,54,31,73,182,11,139,168,195,13,152,148,47,94,60,20,28,149,4,140,183,95,185,86,166,194,113,176,106,124,34,155,15,145,35,153,81,77,82,8,144,56,104,138,74,118,51,125,135,102,63,147,29,109,0,160,33,25,45,5,177,21,87,36,78,175,142,121,90,191,71,178,10,133,44,122,131,61,61777
111,144,160,29,15,145,49,33,56,177,193,117,31,54,6,188,43,82,91,79,61,21,138,182,131,135,122,134,168,195,126,13,132,169,192,147,191,90,51,98,118,74,139,11,81,187,127,89,194,166,185,94,47,148,20,28,140,190,80,175,78,34,55,18,62,159,8,104,25,121,133,107,40,63,38,1,5,36,141,77,106,128,124,143,35,0,109,170,183,152,155,70,3,95,86,176,113,103,163,153,66919
35,143,159,124,106,165,127,89,103,26,137,114,194,166,179,185,170,3,70,15,145,13,132,169,134,80,190,193,31,73,5,36,61,91,21,25,121,54,117,198,1,135,63,40,107,122,90,147,6,188,195,168,175,78,177,104,8,82,141,97,77,81,4,149,28,20,148,47,94,140,152,184,155,189,153,163,113,180,176,86,128,62,18,111,144,33,160,0,34,183,99,130,95,55,109,138,182,139,11,29,58982
131,135,1,198,175,78,36,141,91,61,5,136,193,117,63,122,133,10,178,6,188,169,132,13,195,43,134,147,71,191,90,51,139,11,29,109,0,111,82,87,21,8,160,33,138,25,54,31,73,177,81,153,94,47,148,60,20,28,70,3,34,55,18,62,95,130,99,185,179,166,194,113,176,86,128,124,106,143,35,144,104,45,80,190,168,145,15,155,152,140,183,89,127,137,114,103,163,187,77,121,60263
177,138,11,168,132,169,188,6,147,71,51,90,122,135,131,121,182,33,160,144,8,82,77,81,153,143,189,145,13,195,139,5,136,73,31,54,25,29,35,34,183,148,47,94,60,20,140,152,155,3,70,15,109,0,61,36,175,162,80,190,198,156,1,63,40,107,133,134,187,163,89,127,103,113,86,95,128,124,106,141,91,21,87,111,62,18,55,130,99,185,179,166,194,176,104,117,193,45,142,78,61560
131,1,156,112,121,90,122,135,38,27,198,117,36,61,141,77,82,8,144,145,15,3,70,13,195,0,153,127,137,114,194,86,106,111,54,31,193,190,80,21,81,187,89,166,179,94,60,20,28,152,170,183,130,185,95,18,62,124,163,103,113,180,176,143,35,43,6,188,169,132,168,33,104,177,78,175,5,25,118,74,134,139,11,29,109,34,140,148,47,55,160,138,182,63,40,107,133,10,147,51,62788
194,166,185,99,148,20,60,47,94,179,141,61,117,193,190,80,136,25,168,195,145,155,152,149,28,140,183,174,55,18,62,34,3,70,15,11,138,182,139,134,147,6,188,169,109,29,33,74,121,131,1,38,135,102,63,40,107,122,90,51,118,104,8,21,36,175,78,5,177,160,0,35,143,106,113,114,137,187,97,77,81,153,163,103,89,127,165,111,82,73,31,54,144,124,128,95,130,86,176,180,60482
155,189,139,112,19,54,31,193,73,104,55,183,140,28,149,70,188,147,10,133,178,90,121,5,78,175,36,141,77,111,35,29,132,169,168,8,82,81,153,163,113,106,124,143,144,138,182,51,125,63,38,27,1,198,117,190,80,177,145,15,3,13,195,43,2,134,85,98,118,74,11,34,18,83,62,128,176,194,166,86,95,130,185,179,94,47,148,20,152,6,191,122,135,131,25,33,160,0,109,184,65666
193,122,133,90,175,78,5,51,147,6,188,70,3,155,184,152,140,183,166,194,113,176,35,168,195,169,139,11,33,160,56,8,82,87,21,104,157,25,158,121,38,27,16,1,177,36,61,91,141,97,77,153,81,111,144,138,182,49,29,109,18,62,124,143,106,86,185,22,179,66,94,47,148,60,20,28,15,132,13,145,34,130,99,95,55,0,73,31,54,131,135,63,156,198,117,136,45,162,80,190,61267
155,184,152,28,20,148,47,94,35,144,160,195,13,132,70,3,189,34,128,194,113,176,124,106,163,103,166,179,99,185,86,82,61,36,21,138,169,188,6,147,51,25,177,5,78,175,142,45,73,54,31,193,156,1,24,198,117,33,183,140,9,130,95,109,0,29,11,139,134,85,74,118,98,121,131,27,38,63,135,122,90,182,104,8,111,153,127,89,62,18,55,143,81,77,141,80,190,168,145,15,63155
69,189,155,152,183,130,185,86,166,194,176,143,138,182,139,11,170,140,199,4,149,28,20,179,113,103,163,81,82,8,104,33,195,13,132,168,43,118,121,112,158,25,74,134,85,98,51,90,73,136,80,190,193,31,54,131,135,63,122,36,61,21,111,35,0,109,145,15,62,124,106,153,187,141,175,78,77,94,47,148,95,18,55,34,3,70,169,188,6,147,133,107,40,38,1,117,5,177,160,29,64185
34,183,9,148,60,47,94,144,104,8,81,180,176,106,132,169,188,134,25,45,5,177,21,82,61,36,91,141,97,77,73,54,31,193,117,198,1,16,27,38,63,135,122,131,121,138,143,124,18,55,140,4,149,28,20,22,99,130,62,35,0,29,195,168,33,160,111,163,103,89,127,187,175,80,190,78,153,113,194,166,86,189,15,145,13,70,3,155,152,179,185,95,170,6,147,90,51,139,11,109,64805
61,36,177,11,168,132,169,188,6,147,10,133,122,121,25,182,139,43,134,51,125,191,90,131,1,198,117,54,73,5,78,175,80,190,193,31,111,62,18,83,95,86,113,103,163,153,77,82,8,3,70,13,195,33,160,0,109,35,34,55,170,152,4,140,183,9,130,99,94,66,22,185,128,124,143,138,135,63,40,107,29,106,176,180,194,166,179,47,148,60,23,20,28,155,15,145,104,21,141,91,60733
177,81,119,106,124,128,99,22,179,66,94,47,148,60,20,130,176,113,114,127,89,163,35,0,29,133,10,147,6,188,134,51,90,122,63,135,1,117,121,169,132,70,3,34,55,18,62,95,185,86,166,194,103,187,141,78,175,80,190,5,111,143,159,153,77,91,36,61,21,87,82,8,104,144,33,160,109,170,152,28,140,183,174,184,155,15,145,13,195,168,139,11,138,182,25,54,31,193,73,136,58224
91,36,61,21,8,144,33,11,160,0,35,18,55,140,183,95,130,99,185,86,166,194,176,113,103,153,81,82,104,25,136,190,80,45,142,175,78,5,177,141,187,127,89,163,111,138,182,118,51,121,131,63,100,40,107,133,10,147,70,34,124,106,143,90,122,135,38,1,198,117,193,31,152,28,149,155,3,15,145,139,73,54,134,6,188,169,132,13,195,168,29,109,179,94,47,148,60,20,62,77,61522
144,104,25,73,164,54,31,193,190,80,136,138,168,195,13,145,29,12,0,109,35,180,176,166,194,113,103,127,89,163,187,153,81,160,33,11,139,133,40,107,122,90,191,51,120,71,147,188,169,70,3,155,152,148,47,22,185,86,141,91,36,175,78,5,61,77,106,99,94,66,172,179,130,183,170,34,143,159,111,8,121,131,135,63,1,156,198,117,177,21,82,124,128,95,20,28,140,55,18,62,61226
31,54,5,177,21,87,77,194,166,86,185,95,55,18,35,160,144,56,104,33,11,139,168,195,134,118,74,182,138,157,25,121,112,45,142,36,141,163,103,113,176,106,124,145,15,155,20,148,47,94,62,78,175,80,190,136,164,73,29,183,140,28,149,152,170,109,0,111,41,81,153,143,34,189,3,70,188,147,10,133,107,40,63,135,122,90,191,51,61,91,82,8,169,6,131,1,156,198,117,193,65036
3,189,176,113,138,182,11,139,168,155,152,140,199,183,132,169,188,6,147,191,90,51,121,112,136,80,190,151,131,122,40,63,102,135,1,156,5,36,141,97,77,81,143,106,130,66,94,47,148,95,83,18,62,124,128,86,172,179,22,99,185,166,194,103,89,163,153,82,8,144,35,0,160,33,25,73,164,31,54,117,198,193,45,175,78,177,21,111,55,9,60,20,28,34,109,29,195,145,15,70,60568
85,134,43,145,15,3,70,188,191,90,51,182,144,163,103,194,166,94,148,20,28,140,183,138,117,193,177,91,141,77,81,106,124,62,189,6,147,122,63,102,135,131,121,176,113,8,25,54,31,5,78,175,80,190,1,40,107,133,10,169,132,13,195,168,11,33,104,21,36,61,82,159,143,35,109,0,12,29,160,111,153,187,127,89,170,152,184,155,34,55,18,83,128,86,179,185,95,139,74,118,67381
78,73,54,31,193,45,142,5,134,188,6,136,190,80,175,141,103,113,194,166,55,34,15,3,70,169,132,13,145,109,35,0,12,39,138,182,139,11,49,143,106,176,163,82,177,135,122,133,10,90,51,118,25,117,198,1,131,112,121,125,191,71,147,195,168,29,111,8,144,160,33,104,21,61,91,140,183,95,185,86,128,124,62,18,94,47,148,60,20,28,152,184,155,189,159,153,187,81,77,36,64702
160,33,11,139,134,147,6,163,103,113,176,86,95,62,18,55,34,3,70,188,169,170,152,183,148,60,20,28,140,29,138,25,177,5,78,175,45,73,164,31,190,80,42,156,198,21,89,127,194,166,52,172,179,66,94,47,99,185,124,106,143,35,109,145,15,132,13,195,168,121,54,117,193,136,36,61,1,38,63,40,107,122,135,131,90,51,155,184,189,0,111,77,81,153,187,97,141,82,8,104,61698
138,160,109,34,55,18,35,144,190,80,45,177,21,124,128,86,166,103,187,36,78,175,136,31,73,5,61,141,97,77,182,51,90,10,133,63,135,122,147,169,140,183,95,185,179,99,130,9,199,20,60,47,94,66,148,28,149,152,13,195,168,11,49,33,56,104,8,82,127,89,163,153,81,111,41,159,143,62,83,170,155,3,70,15,145,189,194,113,176,106,0,29,139,134,118,121,117,193,54,25,64482
177,139,145,15,3,29,160,104,142,175,78,36,61,91,141,187,163,176,18,170,189,13,6,188,169,132,161,70,155,148,47,94,95,25,73,31,54,112,121,90,122,133,107,40,63,135,38,1,117,193,113,194,166,86,35,0,109,168,195,34,62,124,106,143,81,97,77,82,87,21,8,111,55,183,140,199,20,60,66,179,185,11,182,138,33,144,153,89,127,103,28,149,152,184,134,51,190,80,45,5,66710
160,163,103,89,127,165,187,121,131,198,117,31,73,177,21,87,25,90,122,135,63,38,1,61,91,111,99,47,94,66,179,86,153,81,106,124,62,18,132,169,188,6,192,147,51,134,139,8,82,77,97,141,36,78,175,142,5,104,144,29,195,13,126,168,54,193,190,80,136,138,0,143,176,180,113,194,166,185,183,140,174,55,34,109,35,128,95,130,148,60,20,28,152,155,3,70,15,145,11,33,64119
